ポストURL,いいね数,RT数,インプ数,投稿者名,投稿テキスト,投稿日時,画像,収集日時
https://x.com/momo_fukuen/status/2034919625020850220,182,10,10736,もも｜回避型彼氏と復縁,振られても「やっぱり彼がいい」って思ったのは欠点すら愛おしいと思えたから。回避型だろうがなんだろうが、私が見てきた不器用だけど優しい彼を信じようと思った。復縁して2年以上経つけど、自分の気持ちを大切にしてよかった。「彼がいい」って気持ちが少しでもあるなら絶対に諦めない方がいいよ。,3月20日,,3月21日
https://x.com/momo_fukuen/status/2034989436753387893,32,1,1329,もも｜回避型彼氏と復縁,別れ際の元彼の言葉なんてほんとに真に受けなくていい。「復縁はない」「一生会わない」なんて、あなたを突き放すための大嘘だよ。私も復縁してわかったけど、あれは男が自分の心を守るための精一杯の虚勢。やり方次第でいくらでもひっくり返せる。別れの言葉に絶望して復縁を諦めなくていいからね。,3月20日,,3月21日
https://x.com/momo_fukuen/status/1986447863791124618,70,4,132391,もも｜回避型彼氏と復縁,"【回避型の彼と1ヶ月で復縁した方法】

長い冷却期間も自分磨きもいりません。
復縁に本当に必要なのは、『回避型の心理を理解した行動』です。

「復縁は100%ない」と振られた私が、彼の心を取り戻した方法を大公開してます。

本気の方はぜひ読んでみてください",11月6日,,3月21日
https://x.com/momo_fukuen/status/2034605204432384191,502,8,59938,もも｜回避型彼氏と復縁,男が本命との別れを決めるとき「冷めた」より『ちゃんと愛せない自分が嫌になった』が9割。本気で好きだから期待に応えられないことに傷つく。彼女が不安な顔をするたびに自信をなくしていくんだよね。だから逃げるように別れを選ぶけど別れた後も強烈な罪悪感と後悔が残り続ける。私も振られる直前、,3月19日,,3月21日
https://x.com/momo_fukuen/status/2034747238967386279,22,1,765,もも｜回避型彼氏と復縁,断言するけど『素直な女の子』が嫌いな男はいない。復縁したいと思ってる時点で好意を隠すのは100%無理だし、変に駆け引きして「めんどくさい」って思われるくらいなら自分が後悔しないためにも素直でいたい。私は「元彼大好き！絶対復縁する！」って開き直ってたら復縁できた。素直な女の子は最強。,3月20日,,3月21日
https://x.com/momo_fukuen/status/2034462025947226520,24,1,3594,もも｜回避型彼氏と復縁,復縁率が圧倒的に高い。ただ厄介なのが、回避型は自己肯定感がかなり低いってこと。「彼女は俺と一緒にいない方が幸せだろう」って本気で思ってるから、冷却期間を置いても絶対に戻ってこない。逆に数ヶ月も距離を置いたら「別れて正解だった」「今さら戻れない」って確信する。だからこそ早い段階で、,3月19日,,3月21日
https://x.com/momo_fukuen/status/2034462023573217468,181,6,22151,もも｜回避型彼氏と復縁,回避型が深く愛した人にだけ見せる反応、それは『理由も告げずに去る』こと。これって男性特有の「言わない愛」なんだと思う。理由を言ったら、彼女がますます無理して頑張るってわかってるんだよね。大切だから何も言わずに距離を置いて本命彼女を守ろうとするの。だから回避モードで別れた時は、,3月19日,,3月21日
https://x.com/momo_fukuen/status/2034268837244444822,69,0,6322,もも｜回避型彼氏と復縁,元彼に「返信は無理しなくていいよ」って伝えるのは絶対にNG。これ言うと男は普通に「無理しない」を選ぶんだよね。私も付き合ってる時にこれ言ったせいで既読スルーされまくっただから復縁活動中は思ってないこと言わないって決めた。女の子はまっすぐな方が可愛いし遠慮しない方が絶対うまくいく,3月18日,,3月21日
https://x.com/momo_fukuen/status/2034190571288576207,90,0,9610,もも｜回避型彼氏と復縁,本命相手ほどLINEスルーするのが回避型の特徴。適当な相手には何も考えず即レスできるけど、好きな子には「ちゃんと返さなきゃ」ってプレッシャーで固まっちゃう。私の彼いわく「軽く扱いたくないから慎重になりすぎる」らしい。既読無視は嫌われてるんじゃなくて大事にされてる証拠だったんだよね。,3月18日,,3月21日
https://x.com/momo_fukuen/status/2034098203654820066,72,1,13004,もも｜回避型彼氏と復縁,「あっさり前に進む子を追いかけるのなんて自信あってメンタル強い男くらいでしょ。ほとんどの男は一途な子に愛感じて戻りたくなる」って。だから冷却期間を長く取りすぎると復縁率がどんどん下がるんだよね。放置だと情も気持ちが冷める一方だから。進展しないのは冷却期間が足りないからじゃなくて、,3月18日,,3月21日
https://x.com/momo_fukuen/status/2034231369761722412,360,13,43185,もも｜回避型彼氏と復縁,周りの復縁カップルで1番多いのは『男が振って男が復縁を迫る』っていうパターン。男性って女性とは違って1度冷めても『惚れ直す』っていうことが全然あるの。特に回避型は『好きだから離れる』を選ぶタイプだから、関わり方さえ間違えなければ戻ってくる可能性が高いんだよね。進展しないのは、,3月18日,,3月21日
https://x.com/momo_fukuen/status/2033902926016745744,99,4,6789,もも｜回避型彼氏と復縁,回避型はさみしがりやだから放置されると新しい彼女を作りがち。でも本命じゃないから長続きしないんだよね。とはいえ、そのまま進展する可能性もゼロじゃないから完全放置は危険。私は明るく軽めの連絡を続けて彼の心の中に居続けた。回避型には『戻る場所』があるって意識させるのがほんとに大事。,3月17日,,3月21日
https://x.com/momo_fukuen/status/2033876831632560527,111,3,17468,もも｜回避型彼氏と復縁,実は、元彼に拒絶されてる方が『復縁率はめちゃくちゃ高い』んだよね。理由は3つあって①回避傾向がある男は愛が強くなるほど逃げる性質があるから『拒絶＝好意の裏返し』②本当にどうでもいい相手には冷たい態度すら取らないから反応がある時点で脈あり③回避型が冷たくするのは、,3月17日,,3月21日
https://x.com/momo_fukuen/status/2033720436207636729,54,0,11848,もも｜回避型彼氏と復縁,正直に言うけど、元彼が言う「また連絡する」「またご飯行こう」って言葉は信用しない方がいい。勘違いしないでほしいのが嘘ついてるわけじゃないってこと。ただ言った時は本気でも、いろいろ考えすぎて行動に移せなくなる。意外かもしれないけど、このときの男の思考回路は、,3月17日,,3月21日
https://x.com/momo_fukuen/status/2033664857556586708,53,1,5020,もも｜回避型彼氏と復縁,男はプライドの生き物だから「未練ある」なんて絶対言わない。でも行動を見ればわかる。SNSチェックしてたりLINEブロックしなかったり、どこかで元カノとの繋がりを残してる。私の彼にブロックしなかった理由聞いたら「連絡くるかもって期待してた」だって。言葉より行動を見ると間違いないよ。,3月17日,,3月21日
https://x.com/momo_fukuen/status/2033511574619685207,202,2,22698,もも｜回避型彼氏と復縁,男は『一度心を奪われた女性に何度でも惚れ直す生き物』。女性は冷めたら終わりだけど、男は元カノを女神扱いして忘れられなくなるんだよね。中でも回避型は愛が深まるにつれて『感情をコントロールできない不安』が芽生えるから一度離れて落ち着こうとしてるだけ。愛が冷めたわけじゃない。むしろ、,3月16日,,3月21日
https://x.com/momo_fukuen/status/2033463853691052503,92,0,6313,もも｜回避型彼氏と復縁,男って別れを決めた時の気持ちがすべてじゃないんだよね。その時の調子とかタイミングで「今は無理」ってだけ。女性みたいに覚悟を決めて別れるわけじゃない。本来グレーな生き物だからね復縁した彼も言ってたけど、永遠の別れだと本人は思ってないから時間が経つと「戻りたい」ってなるみたい。,3月16日,,3月21日
https://x.com/momo_fukuen/status/2033511577165672727,23,0,2577,もも｜回避型彼氏と復縁,『本命との関係を完全に壊さないために一時的に離れてる』だけなの。だからずーっと未練を引きずってるし、関わり方さえ間違えなければあっさり戻ってくる。つまり進展しないのは『回避型の地雷を無意識に踏んじゃってるだけ』なんだよね。よくある失敗が「疑問形LINEを送る」「軽くご飯に誘う」、,3月16日,,3月21日
https://x.com/momo_fukuen/status/2033472068554289182,135,3,19335,もも｜回避型彼氏と復縁,復縁した彼もまったく同じこと言ってた。『未練ある＝連絡する』って女性だけの感覚らしく、男はプライドや罪悪感で簡単に動けないんだって。振ったくせに都合よく連絡してくる男より100倍誠実だし『ど本命』だから復縁も超有利。LINEスルーとか冷たい態度の方が戻りやすいって復縁した今だからわかる,3月16日,,3月21日
https://x.com/momo_fukuen/status/2033108692451606533,534,29,31502,もも｜回避型彼氏と復縁,運命の人とは一度別れるって事実。別れないとお互いの大切さに気づけないから。私も別れたから「この人以外考えられない」ってなったし、彼も同じだったみたい。回避型は特にそう。付き合ってる時に向き合えなかった自分の欠点を別れて初めて認識するから。いま絶望的でも縁があれば絶対戻れるよ。,3月15日,,3月21日
https://x.com/momo_fukuen/status/2033148581507678284,125,5,17198,もも｜回避型彼氏と復縁,復縁した彼が教えてくれた男の本音「自分から振っておいて今さら戻りたいなんて都合いいこと申し訳なくて言えない」らしい。特に自己肯定感が低い回避型はこの傾向強め。つまり回避型は未練が強い時ほど自分から連絡できない心理構造になってるんだよね。だから連絡がないのは脈なしじゃなくむしろ、,3月15日,,3月21日
https://x.com/momo_fukuen/status/2033002473036882247,72,0,16330,もも｜回避型彼氏と復縁,『元彼が冷たいしLINEもスルーされる』、実はこれ復縁成功率がめちゃくちゃ高いパターンだよ。私も回避型の彼に既読無視されたし態度も冷たくて「これって脈なしすぎない？」ってめっちゃ落ち込んだ。でも復縁したあと「別れてからめっちゃ冷たかったよね、LINEスルーしたのなんで？」って聞いたら、,3月15日,,3月21日
https://x.com/momo_fukuen/status/2032783996107763934,295,5,49489,もも｜回避型彼氏と復縁,回避型ってベタ惚れした女性には最初グイグイなんだよね。でも関係が深まるとだんだん回避モードになる。これって気持ちが冷めたんじゃなくて「本当の自分を見せたら嫌われるかも」って不安が出てくるからなんだって。私が復縁した彼も「好きになるほど不安になった」って言ってた。『本命女性に、,3月14日,,3月21日
https://x.com/momo_fukuen/status/2032826441935851983,129,9,6744,もも｜回避型彼氏と復縁,復縁は「したい」じゃなくて「する」って決めるのほんっと大事。限界メンヘラ女だった私は「絶対この人と復縁する」って決めてから変に我慢したり顔色伺ったりしなくなった。どうせ復縁するんだから対等でいよって思えて。どんと構える姿勢が彼の心を動かしたんだと思う。女の覚悟は男を本気にする。,3月14日,,3月21日
https://x.com/momo_fukuen/status/2032783998859231406,24,0,5565,もも｜回避型彼氏と復縁,嫌われたくない』っていうのが彼らの本音。ってことは彼が別れを選んだのは愛情が消えたんじゃなくて、大事だからこそ失いたくない防衛反応。そもそもブロックしない時点で彼自身も「一時的な別れで復縁するかも」って思ってるんだよね。回避型との復縁が意外とあっさり叶うのはそういう理由。ただ、,3月14日,,3月21日
https://x.com/momo_fukuen/status/2032756897917583502,156,3,19748,もも｜回避型彼氏と復縁,男は『相手を傷つけてしまった恋』ほど距離を取る生き物。彼女を本気で大切に想ってた男なら普通に連絡できるわけないんだよね。復縁した友達が「罪悪感なくヘラヘラ連絡してくる男の方が確実にやばい」って言っててほんとそれすぎる別れてから距離がある方があとあとの復縁率は高いからまじで大丈夫,3月14日,,3月21日
https://x.com/momo_fukuen/status/2032419014706934171,93,2,10637,もも｜回避型彼氏と復縁,男が本命と別れるときって『愛しすぎて自分が苦しくなった』パターンが断トツで多い。特に回避型は恋愛感情が強くなるほど「こんなにのめり込んでいいのか」って不安になって自分から関係を切ろうとする。私の復縁した彼も「自分を見失いそうで怖かった」らしい。強い愛情に不安になっただけだから、,3月13日,,3月21日
https://x.com/momo_fukuen/status/2032285737941639636,180,0,14769,もも｜回避型彼氏と復縁,復縁が叶う子のガチな共通点って『きっかけは自分が作って、復縁は彼から』だよね。ただ待ってるだけじゃなくて戦略的にきっかけを作って復縁の流れにうまく乗ってる。しかも最終的な復縁の決断は彼にさせてるから『彼の覚悟が決まる→復縁した後も高確率で溺愛される』。私が復縁した回避型の彼も、,3月13日,,3月21日
https://x.com/momo_fukuen/status/2032388527535890446,43,0,3808,もも｜回避型彼氏と復縁,回避型って、普通の男性より「元カノ」に安心感と特別感をもってるよね。復縁して確信したけど、彼らってときめきより『居心地のよさ』を求めてる。新しい刺激に走っても、結局最後は心落ち着く場所に戻ってくる。そもそも「元カノ」って時点で見た目はすでに刺さってるし、戻りたくなって当然なのよ,3月13日,,3月21日
https://x.com/momo_fukuen/status/2032093754534854976,21,0,1085,もも｜回避型彼氏と復縁,振られたのになぜか彼と繋がってる気がしたんだよね。もう無理かもって泣く日もあったけど「彼も本当は同じ気持ちでしょ？」って思う瞬間が何度もあった。復縁後に彼に話したら「ちょっとわかる」って。あの直感は間違ってなかった。自分の直感って馬鹿にできないし、なんなら一番信用できるまである,3月12日,,3月21日
https://x.com/momo_fukuen/status/2031935487922085927,97,2,15483,もも｜回避型彼氏と復縁,回避型との復縁、実は『LINEの送り方を少し変えるだけで復縁率が爆上がり』するんだよね。回避型って返信のハードルが高いと動けなくなる。「なんて返したらいいのかわからない」ってなった瞬間に放置。時間が経つと「いま返すのもおかしいよね」でそのままフェードアウト。でもこれ見方を変えると、,3月12日,,3月21日
https://x.com/momo_fukuen/status/2032060791059628440,20,0,2784,もも｜回避型彼氏と復縁,「一途でしつこい人(私)じゃないと続かないし復縁も無理」って。回避型が相手なら『重さ』が逆に復縁の可能性を高めてくれる。放置は絶対NGな理由もそれ。普通の男性は放置すれば追いかけてくるけど、回避型は「俺と一緒にいない方がいい」って勝手に身を引く。「俺には幸せにできない」って気持ちは、,3月12日,,3月21日
https://x.com/momo_fukuen/status/2031663078706970725,85,1,5465,もも｜回避型彼氏と復縁,回避型は別れを経験して本当の愛に目覚めるタイプが多いって聞いて納得したよね私の彼もまんまそのタイプだったから。本命から一度離れることで自分の悪い癖と向き合わされた回避型は、戻った時には以前より何倍も深く愛してくれる。だから別れは、回避型の心を開くために必要なプロセスなんだよね。,3月11日,,3月21日
https://x.com/momo_fukuen/status/2031561383842820550,164,6,15996,もも｜回避型彼氏と復縁,回避型って『本命』にしか回避モードにならないんだよね。好きじゃない相手には考えなくていいから即レス。そっけない態度も未読無視も『気持ちがある証拠』なの。私が復縁した彼も「本気で好きだと嫌われるのとか期待に応えられないのが怖くなる」って教えてくれた。でも好きな気持ちは残ってるから、,3月11日,,3月21日
https://x.com/momo_fukuen/status/2031699531826602337,63,1,9891,もも｜回避型彼氏と復縁,元彼が回避型なら、復縁のカギは『会わずに距離を縮めること』一択。これできたら復縁はほぼ確定。「会えない＝復縁できない」って不安になる人が多いけど、回避型の場合それは完全に誤解で、むしろ会わない方が復縁率は上がるんだよね。回避型は「会ったら重い話されるかも」って警戒するから、,3月11日,,3月21日
https://x.com/momo_fukuen/status/2031339109848121569,83,2,11279,もも｜回避型彼氏と復縁,回避型って『元カノへの執着心』がかなり強いんだよね。根底に「見捨てられ不安」があるから、自分から突き放しても元カノの行動や気持ちが気になるの。ずっと沈黙してたのにいきなりストーリー見たり未読のLINEにいきなり既読をつけたりするのも元カノへのアピールだったりする。そんな回避型の心を、,3月10日,,3月21日
https://x.com/momo_fukuen/status/2031373508887064714,64,0,3113,もも｜回避型彼氏と復縁,深夜の本音。私の投稿にいいねして保存してる人は確実に復縁成功率あがると思う。私も当時、復縁や回避型の発信してる人の投稿を通知オンにしてすぐ保存して毎日見てたおかげで、自然と復縁できるマインドに整ったから。これからも経験談や役立つことを発信していくのでインプットに使ってくださいね,3月10日,,3月21日
https://x.com/momo_fukuen/status/2031302306604659194,95,2,6086,もも｜回避型彼氏と復縁,復縁目指してると忘れがちだけど、一度付き合えたってことは彼の「どタイプ」なのは間違いないからね男性は見た目がタイプじゃない子とは絶対付き合わない。脈なしの片思いより、すでに合格点クリアしてる復縁の方が圧倒的に有利。見た目は刺さってるから、あとは戦略的に行動するだけだよ。,3月10日,,3月21日
https://x.com/momo_fukuen/status/2031203642355908683,222,6,32201,もも｜回避型彼氏と復縁,男は『本気で好きだった元カノ』には自分から戻れない。そっけない態度をとった方が男は追いかけてくるっていうけど、実際は「元カノにグイグイな男」の9割は下心だよ。本当に大切に思ってたら、自分から振ったのにグイグイいけるわけない。だから別れてから元彼が冷たくて距離を置かれてる人ほど、,3月10日,,3月21日
https://x.com/8_ludr7/status/2031007392150982686,21,2,2414,シン｜回避型元彼の心理,正直に言うと男って「どうでもいい相手」には回避なんてしない。気まずさも罪悪感も湧かないから普通に返せる。本命だけが怖いし重いし逃げたくなる。僕も元カノに返したいのに返せない時期があって、それは「また傷つけるかもしれない」って不安のせいだった。距離がある＝気持ちが残ってる証拠です。,3月9日,,3月21日
https://x.com/momo_fukuen/status/2030981486577623338,172,5,24133,もも｜回避型彼氏と復縁,復縁経験者として言えるのは『男の回避モードで別れたら復縁率はかなり高い』ってこと。男はそもそも『本命女性』にしか回避行動しない。それに冷めたら終わりの女性と違って男は何度でも惚れ直す生き物。復縁した彼が言ってた「大切な人を傷つけた罪悪感で冷たくしたり既読無視してた」って言葉が、,3月9日,,3月21日
https://x.com/momo_fukuen/status/2031125373573017834,24,1,1827,もも｜回避型彼氏と復縁,回避型の彼を変えようと必死だった時期は全部裏目に出た。振られて吹っ切れて、自分がしたいことを優先したら復縁できた。今までの努力は何だったの？ってくらいうまくいってる。彼の顔色うかがうんじゃなくて、自分の気持ちに正直でいる。それが一番彼に響くみたい。連絡したいならしていいんだよ。,3月10日,,3月21日
https://x.com/momo_fukuen/status/2030926563676700968,20,0,1080,もも｜回避型彼氏と復縁,復縁を決めた男性って確実に愛情深まるよ。自分から離れたのによりを戻す選択をするって、どんなにドライな人でも運命感じちゃうから。それに男はかなりロマンチスト。『俺から振ったけど、やっぱり元カノが好き』ってシチュエーションにのめり込むんだよね。私はこの流れを意図的に狙って復縁した,3月9日,,3月21日
https://x.com/momo_fukuen/status/2030981489702347108,21,0,3103,もも｜回避型彼氏と復縁,男の本音だと思う。ブロックせず距離を取るって選択をしてる時点でちゃんと彼の気持ちは残ってるんだよね。だから彼とLINEが続かない理由ってシンプルで『回避型が返しづらいLINE』になっちゃってるだけ。「元気？」「会いたい」みたいなLINEを送ると反応に困るし罪悪感で逃げるしかなくなる。だから、,3月9日,,3月21日
https://x.com/momo_fukuen/status/2030841015142420934,142,2,16758,もも｜回避型彼氏と復縁,元彼が言う「復縁は絶対ない」「俺よりいい人見つけて幸せになって」って本心じゃない。男って別れ際ほど冷たい言葉で突き放そうとするし、自分に言い聞かせるように断言しがち。でもそれって『未練や迷いがあるから』なんだよね。本気で冷めてたらいちいち強い言葉を使う必要ない。特に回避型は、,3月9日,,3月21日
https://x.com/momo_fukuen/status/2030613366642020531,236,2,30101,もも｜回避型彼氏と復縁,『振られても一途』って元彼にめっちゃ刺さる。完全放置が効くのなんて自信満々の男だけ。現代の男はほぼ回避型だから放置だけだとうまくいかないんだよね。回避傾向ある男は「もう俺のことは吹っ切れたんだな」って冷却期間中に前に進むモードになるから。回避型と恋愛してる人は知ってると思うけど、,3月8日,,3月21日
https://x.com/momo_fukuen/status/2030475686948012539,136,5,30106,もも｜回避型彼氏と復縁,男って『自分から終わらせた関係』ほど未練を引きずる生き物。特に回避型はかなりわかりやすくて、振ったのにブロックしないのって『後悔や未練に揺れてるサイン』なんだよね。人間関係リセット癖ある回避型は本気で戻る気なかったら完全に縁を切るから。だからここで『正しい順番』で関係修復すれば、,3月8日,,3月21日
https://x.com/momo_fukuen/status/2030547057799512244,118,3,14444,もも｜回避型彼氏と復縁,復縁した彼いわく「彼女を振った罪悪感はガチできつい」らしい。回避型なんてその典型で「幸せにすべき相手を傷つけた」っていう事実が自尊心を削るから、女性より深く引きずるんだよね。だから自分が振った時の方が未練も強い。『罪悪感＝愛情』の裏返しだから、そこをうまく誘導すれば復縁は叶うよ。,3月8日,,3月21日
https://x.com/momo_fukuen/status/2030249285510729810,73,1,7498,もも｜回避型彼氏と復縁,回避型が本命にだけ見せる弱さがある。それは『幸せを感じた瞬間に逃げたくなること』。関係が深まると距離を取るんだよね。幸せすぎると「いつか終わる」って未来の別れが怖くて、だったら自分から終わらせた方がマシって考えるの。逆に言えば別れを選んだ時点でそれくらい彼女を本気で、,3月7日,,3月21日
https://x.com/momo_fukuen/status/2030406134276800650,73,0,4783,もも｜回避型彼氏と復縁,回避型は自己防衛で別れを選ぶから、振った瞬間から後悔が始まる。私の彼も別れた日の夜からずーっと「本当にこれでよかったのか」って考えてたんだって。付き合ってる時の不安より、別れた後の喪失感の方が圧倒的に重いみたい。だから振られても諦めなくて大丈夫。彼の未練は想像以上に深いから。,3月8日,,3月21日
https://x.com/momo_fukuen/status/2030115289980096754,139,7,16018,もも｜回避型彼氏と復縁,回避型は『彼女にのめり込みそうになったタイミング』で自分から振ることが多い。愛が大きくなってキャパオーバー。「好きすぎて無理」って逃げるのが回避型の特徴。矛盾してる生き物なの。つまり『回避型が逃げる＝ど本命』だから復縁は現実的に可能。でも「自分といると彼女は幸せになれない」って、,3月7日,,3月21日
https://x.com/momo_fukuen/status/2030115292698005813,20,0,2632,もも｜回避型彼氏と復縁,本気で思ってるから自分から連絡なんてしてこない。私の復縁した彼も別れ際「俺よりいい人いるよ」って言ってきたんだよね。それ聞いたとき放置は絶対まずいって確信した。実際、回避型は放置すると「俺がいなくても平気なんだ」って思って冷める。しかも一人が楽だから「別れたのは正しかった」に、,3月7日,,3月21日
https://x.com/momo_fukuen/status/2030205776653124034,54,2,4528,もも｜回避型彼氏と復縁,回避型と復縁できる女性は『好意を見せるのに重くならない』バランスが超うまいの。私は自分から連絡ガンガンしてたからふつうに好きバレしてたでも彼はそのどストレートな気持ちが嬉しかったらしい。愛に飢えてる回避型の心を動かすのは駆け引きより愛情。重さも執着も見せ方次第で武器になるからね,3月7日,,3月21日
https://x.com/momo_fukuen/status/2029894594394214836,164,1,22245,もも｜回避型彼氏と復縁,元彼が『ブロックしない/連絡先を残す』のは未練を引きずってるサイン。復縁する気が一切ないほど気持ちが冷めてたら元カノとは完全に縁を切る。回避型はそこらへん容赦ない。逆にまだ縁がつながってるなら「もしかしたら戻る可能性があるかも」って彼自身が感じてる証拠。それなのに進展しないのは、,3月6日,,3月21日
https://x.com/momo_fukuen/status/2029924901566722116,50,0,3382,もも｜回避型彼氏と復縁,復縁した回避型の彼、今でもたまに回避行動するんだけど、私のことを傷つけないようにってめっちゃ考えてる。『LINEスルー＝愛がない』じゃなくて『気まずくて言葉が出ない』か『私との関係を壊さないために沈黙してる』だけ。だから別れたあと連絡がなくても「復縁は無理」って思わなくていいからね,3月6日,,3月21日
https://x.com/momo_fukuen/status/2029755280129675368,99,3,21725,もも｜回避型彼氏と復縁,男の『回避モード』って、外から見たら脈なしと見分けがつかないんだよねだから多くの人が「もう無理だ」って諦めちゃう。でも見極めのポイントがあって『拒絶サインがあるかどうか』。「もう連絡してこないで」って言われたり、すべてブロックされたら拒絶のサイン。冷却期間をとるべき。でも、,3月6日,,3月21日
https://x.com/momo_fukuen/status/2029835655619256404,71,0,5854,もも｜回避型彼氏と復縁,本命を振った回避型が幸せになれるはずがないんだよね。逃げてる間はずーっと苦しいし、罪悪感が大きくなる。心のどこかでは『彼女と向き合うしかない』ってわかってる。私の彼も別れた後の方がつらかったらしいじわじわ後悔してる回避型に「今なら戻っても大丈夫かも」って思わせたら復縁は勝ちだよ,3月6日,,3月21日
https://x.com/momo_fukuen/status/2029755283678056704,30,0,3577,もも｜回避型彼氏と復縁,ただのLINEスルーや誘いを断られたくらいなら回避モード特有の「試し行為」の可能性が高い。彼はあなたの反応を見ながら、どうするか悩んでる。接し方次第で、早い人だと1〜2週間で彼の優しさが戻ってきてる私は1ヶ月だった。ここで放置しすぎると気まずさから距離ができるから要注意。大事なのは、,3月6日,,3月21日
https://x.com/momo_fukuen/status/2029675822165152061,62,3,3807,もも｜回避型彼氏と復縁,振った側の男性って、その判断が正しかったのかずっと苦しんでるらしい。男性からすると別れを選んだ責任ってかなり重いみたい。復縁した彼も「別れて自由になれると思ってたけど普通に落ち込んだ」って言ってた。冷たく見えても、ケロッとしてるように見えても内心引きずってる可能性は高いからね。,3月6日,,3月21日
https://x.com/momo_fukuen/status/2029555277931106788,98,2,6630,もも｜回避型彼氏と復縁,復縁は白黒つけないまま進めた方が絶対うまくいく。男は『友達でも恋人でもない関係』を意外と心地よく感じてるんだよね。私はその曖昧さを楽しんでた。焦らず自然体でいたら、気づいたら彼が戻ってきてた。グレーな関係を恐れない方が復縁は成功するよ。,3月5日,,3月21日
https://x.com/momo_fukuen/status/2029517290681901083,120,7,15881,もも｜回避型彼氏と復縁,実は、回避型の男性って本気で惚れた女性に『強い劣等感』を感じやすい。自分に愛情を注いでくれる彼女が女神に見えて「こんな俺じゃ釣り合わない」って思っちゃう。私の彼もだけど回避型って自己肯定感低いから、愛されるほど苦しくなっちゃうみたい別れを告げるのは気持ちが冷めたからじゃなくて、,3月5日,,3月21日
https://x.com/momo_fukuen/status/2029517294523879489,20,0,2568,もも｜回避型彼氏と復縁,『本気で好きになったことで自信を失ったから』なんだよね。私も「幸せにできない」「俺よりいい人見つけてね」って言われて振られた。でも幸せになるなら絶対彼がいいと思ったから諦めずに行動したの。男としての自信を失った彼は放置しても戻らない。だから『回避型の心理』に合わせて接したら、,3月5日,,3月21日
https://x.com/momo_fukuen/status/2029482534061617422,49,1,7878,もも｜回避型彼氏と復縁,,3月5日,,3月21日
https://x.com/momo_fukuen/status/2029381973639348601,26,0,5972,もも｜回避型彼氏と復縁,心のどこかで感じてる証拠。その時点で復縁の可能性がかなり高いから、あとは『LINEで警戒心をとけるかどうか』だよ。進展しない時ってほぼ確実に『安定型の男性になら好印象になるLINE』を回避型に間違えて送っちゃってるせい。回避型にはプレッシャーになって警戒させちゃうだけなんだよねだから、,3月5日,,3月21日
https://x.com/momo_fukuen/status/2029381971240206784,459,25,48573,もも｜回避型彼氏と復縁,最後に回避型の本命になるのは『一途で執着が強い女性』だよ。回避型は自分のことを本気で想ってくれた人への特別な感情を手放せない。「あんなに一生懸命向き合ってくれる人は他にいない」って心のどこかでわかってるんだよね。突き放すくせにブロックしないのは、彼自身も『復縁の可能性』を、,3月5日,,3月21日
https://x.com/momo_fukuen/status/2029118562426884400,54,2,9749,もも｜回避型彼氏と復縁,回避型の男あるある『元カノへの執着心がガチで強い』。自分から距離を置いたからこそ、元カノをかなり美化して「あの子は特別だった」ってずーっと女神扱いしてるからねだから他の女性と出会っても「やっぱり違う」ってなるし、『関わり方』次第で案外あっさり戻ってくる率高め。,3月4日,,3月21日
https://x.com/momo_fukuen/status/2029192356399071690,103,1,7691,もも｜回避型彼氏と復縁,回避型が本当に好きになるのは愛情深い女性だけ。さっぱりした子は回避型を待てないし深く愛せない。私もメンヘラ爆発させたけど、それくらい本気で愛したから彼は戻ってきた。愛が大きすぎるって悩む必要ないよ。回避型からするとそれが一番魅力的だし、復縁したい気持ちを引き出してくれるからね。,3月4日,,3月21日
https://x.com/momo_fukuen/status/2029157681878188383,242,7,32416,もも｜回避型彼氏と復縁,1ヶ月で復縁して気づいたけど『男は本当に好きなら手放さない』はウソだよ。男の愛情ってかなり深くて手放すのも愛なの。特に回避型はこの傾向強め。『大切な彼女をこれ以上悲しませたくなくて手放す』を選ぶタイプ。好きな人の不安そうな顔に耐えられなくて身を引いてしまうんだよね。そういう男は、,3月4日,,3月21日
https://x.com/momo_fukuen/status/2029023869668081896,146,5,26861,もも｜回避型彼氏と復縁,男は『一途に尽くしてくれた彼女』を振ったら100%後悔するよ。特に回避型は深い愛が怖いから逃げるけど、逃げた先で待っているのは「猛烈な孤独」。一途に愛された記憶は彼の中でどんどん美化される。だから振ったのに元カノに未練たらたらだし、『戻るきっかけ』さえあればすぐ帰ってくる。つまり、,3月4日,,3月21日
https://x.com/momo_fukuen/status/2028791777243840928,23,2,3734,もも｜回避型彼氏と復縁,復縁したあと彼に「私から連絡しなかったら復縁してたと思う？」って聞いたら、「(私)ちゃんのこと何度も思い出すけど、自分からは絶対連絡しないからそのまま終わってたと思う。俺から振ったのに連絡できるわけないよ」って言われたんだよね。『元彼から連絡がない＝脈なし』じゃない。だからこそ、,3月3日,,3月21日
https://x.com/momo_fukuen/status/2028749568498917865,80,2,7608,もも｜回避型彼氏と復縁,男って甘えたい生き物だから元カノって最強なんだよね。すでに自分の弱い部分を知られてるから。新しく出会った女性には「かっこいい自分」を見せなきゃいけないから続かない。でも元カノには全部バレてるから安心する。特に回避型はそう。居心地の良さが忘れられなくて戻ってくるパターン多いよ。,3月3日,,3月21日
https://x.com/momo_fukuen/status/2028659067192062316,281,8,39535,もも｜回避型彼氏と復縁,男が『一度別れても戻りたいと思う女性』って本気で特別なんだよね。特に回避型が自分から別れを切り出したケースほど復縁率が圧倒的に高い。理由は単純で、彼らは嫌いになったんじゃなくて『愛が大きくなって』逃げただけだから。つまり根本的な愛情は残ってる。しかも回避型って、,3月3日,,3月21日
https://x.com/momo_fukuen/status/2028949033302344172,24,0,1010,もも｜回避型彼氏と復縁,復縁はしつこい女性が勝つ。私も当時、周りから「執着だ」って言われたけど、復縁したあと彼は「待っててくれてありがとう」って言ってくれた。その言葉が答えだよね。「この子はこんなに俺を想ってくれた」って感謝に変わる。しつこさは愛の証明だよ。,3月4日,,3月21日
https://x.com/momo_fukuen/status/2028434761765761193,100,6,17245,もも｜回避型彼氏と復縁,回避型の「別れよう」は本気の決意じゃなくて、ただの『逃走モード』。彼らは本命との関係を守るために距離を置く。どうでもいい相手なら気を使わず即レスできるし逃げる必要もない。彼の回避モードが原因の別れほど復縁率が高いのは、好意はちゃんと残ってるから。でもそんな回避型を放置しすぎると、,3月2日,,3月21日
https://x.com/momo_fukuen/status/2028465634947059871,271,4,28240,もも｜回避型彼氏と復縁,復縁した彼に「別れるとき話し合いしてくれなかったのなんで？」って聞いたの。そしたら「話し合いなんてしたら心揺らぐから一方的に言うしかない」って言われたそれ気持ちはまだ残ってるってことじゃんって言ったら、男はそういうとこある、だって。円満な別れじゃない方が復縁率が高いの納得。,3月2日,,3月21日
https://x.com/momo_fukuen/status/2028390429180526797,80,5,12276,もも｜回避型彼氏と復縁,回避型が本能的に戻りたくなるのは『何も気にしないで普通に接してくれる女性』なの。回避型は自分がダサいことしてるのわかってる。でも男のプライドで自分からは戻れない。だからこっちが気まずい空気をゼロにできたらほぼ勝ち。回避型は降参して戻ってくる復縁は『空気を読みすぎない』のが大事。,3月2日,,3月21日
https://x.com/momo_fukuen/status/2028301751133290541,73,4,23706,もも｜回避型彼氏と復縁,回避型と復縁した女性の共通点『彼の回避モードにどんと構えてる』。回避型が一番苦手な気まずい空気をリセットできる女性はやっぱり愛される。逆に気を使いすぎると回避型は『返信しなきゃいけないプレッシャー』を感じちゃう。安心感を与えてるつもりが逆効果になりがち『待たせてる罪悪感』で、,3月2日,,3月21日
https://x.com/momo_fukuen/status/2028222244779155955,144,1,10210,もも｜回避型彼氏と復縁,"『執着は手放せ』→その頃には冷めてる
『忘れた頃に連絡くるよ』→忘れられない
『他の男に目を向けて』→ 比べて余計にヘコむ
『自分磨きしろ』→会えないなら意味なくない？
『3ヶ月は冷却期間とれ』→待ってる間に彼女できたら？

どれも納得できなかったから全部無視して動いたけど復縁できた",3月2日,,3月21日
https://x.com/momo_fukuen/status/2028103461464944867,92,3,8840,もも｜回避型彼氏と復縁,男の回避モードで別れたカップルの復縁率は異常に高い。理由は単純で、気持ちが冷めて別れたわけじゃないから。私の彼も「好きだけど、あの瞬間はあれが限界で向き合えなかった」って言ってた。気持ちがある以上、回避モードが解ければ戻りたくなる。それを意図的に作れば復縁もちゃんと叶うからね。,3月1日,,3月21日
https://x.com/momo_fukuen/status/2027942550620016844,80,2,25547,もも｜回避型彼氏と復縁,回避型って『期待に応えられなかった恋』ほど逃げる習性がある。でも安心してほしいのが、それって『復縁できる可能性がダントツで高いサイン』なんだよね。「期待に応えられなかった」って後悔してるってことは、彼なりに真面目に向き合おうとしてた証拠。この回避型特有の心理を逆手に取って、,3月1日,,3月21日
https://x.com/momo_fukuen/status/2028026503683039595,73,2,13421,もも｜回避型彼氏と復縁,回避型が言う「俺よりもっといい人いるよ」「俺は恋愛に向いてない」「幸せになってね」は本心じゃない。愛情表現が下手な回避型特有の『試し行為』なんだよね。私の彼も別れ際に言ってたけど、本気で言ってたわけじゃなかったみたい大げさな言葉ほど『関わり方』次第で簡単に撤回させられるからね。,3月1日,,3月21日
https://x.com/momo_fukuen/status/2027747364979822922,116,6,12983,もも｜回避型彼氏と復縁,回避型に「会いたい」って言えば逃げるし、何も言わなければ距離が広がる。これ『詰んでる感』があるよね。でも彼が逃げてるのは愛が冷めたからじゃなく『期待に応えられない自分が怖い』だけ。だから「いつ会える？」って誘い続けるより彼に『戻るきっかけ』を作るだけであっさり状況が動くからね。,2月28日,,3月21日
https://x.com/momo_fukuen/status/2027718500752756938,21,1,3239,もも｜回避型彼氏と復縁,好きな気持ちがあるからブロックしないし、安定型より復縁率がかなり高い。ただここで冷却期間を長く取ると復縁率が下がってく。時間が経ちすぎると回避型は気まずさと罪悪感で『ブロック→縁切り』をする。人間関係リセット癖のせいそれが怖くて私は自分から連絡したけど大正解だった。大事なのは、,2月28日,,3月21日
https://x.com/momo_fukuen/status/2027578303880827016,56,2,17884,もも｜回避型彼氏と復縁,復縁活動中、回避型の元彼が突然そっけなくなるのって『振った側として揺れてる気持ちをどう扱えばいいかわかんないから』。つまりいい感じに未練が刺激されてる証拠。特に回避型は、元カノへの気持ちが復活すると同時に「また重くなるかも」「自由がなくなるかも」って恐怖が、,2月28日,,3月21日
https://x.com/momo_fukuen/status/2027374240790667485,22,0,1824,もも｜回避型彼氏と復縁,"復縁前の彼→基本未読＆既読無視。会うのは月1回。「忙しい」「疲れた」連発。電話しても無視で数時間後に「寝てた」。

復縁後の彼→毎朝おはようLINE。聞かなくても報告してくる。毎週会う時間作る。付き合いたてより甘々。

『振った側の男が復縁すると運命感じて溺愛になる』ってホントだと思う。",2月27日,,3月21日
https://x.com/momo_fukuen/status/2027509800377192503,64,1,5390,もも｜回避型彼氏と復縁,回避型の男は放置すると「やっぱり俺なんか」って自己否定モードに入っちゃうんだよね。冷却期間が逆効果なのはこれが理由。私は適度に明るく連絡して「あなたのこと嫌いになってないよ」って安心感を与え続けた。そしたら1ヶ月で関係修復できた。放置より適度な距離感の方が絶対うまくいく。,2月28日,,3月21日
https://x.com/momo_fukuen/status/2027300343042974160,62,3,8899,もも｜回避型彼氏と復縁,自分から振った男ほど『元カノを美化してる』はあるある。私なんてメンヘラになって最悪の振られ方したのに、別れたあと彼は「重くてしんどかったけど、あの子ほど一途に想ってくれる子と今後出会えるんかな」って思ってたらしい。こういう男性脳特有の『元カノの美化』にうまく乗っかれば復縁も叶う。,2月27日,,3月21日
https://x.com/momo_fukuen/status/2027222529585377733,105,2,20124,もも｜回避型彼氏と復縁,『未練がないように見える男性』ほど本気で引きずってるからね。私が復縁した回避型の彼いわく「別れた直後から後悔してたけど、見せちゃいけないと思ってた」って。回避型は弱さを見せることを極端に嫌うから、未練があればあるほど平気な顔をするんだよね。だから彼のそっけない返信や距離感は、,2月27日,,3月21日
https://x.com/momo_fukuen/status/2027142127604453399,83,0,5881,もも｜回避型彼氏と復縁,断言するね。男は元カノを本当に嫌いになることってまずない。「もう無理」って離れるのは、彼女への気持ちじゃなくて『自分がうまくやれる自信がなくなった』だけ。好意が消えたわけじゃないんだよ。この前提を理解してるかどうかで、復縁の成功率は大きく変わってくるからね。,2月27日,,3月21日
https://x.com/momo_fukuen/status/2027019263786270727,81,0,4627,もも｜回避型彼氏と復縁,復縁叶えた人は全員、別れた直後の地獄を乗り越えてる。私もメンヘラ爆発させて振られて、人生で一番つらかった。でもあのどん底があったから、後悔しないように素直になることを選べて復縁できた。あの時諦めなくてほんとによかったと思う。どん底でも彼を愛するって決めた女性は絶対に幸せになれる,2月26日,,3月21日
https://x.com/momo_fukuen/status/2026851429391151159,152,5,26765,もも｜回避型彼氏と復縁,1ヶ月で復縁してわかったのは、冷却期間の長さより『殻にこもった回避型の心の開き方』の方が100倍大事だってこと。普通の男性は放置したら追いかけてくる。でも回避型は「俺がいない方が幸せみたいだし、別れて正解だった」って身を引こうとする。私の場合、不安ぶつけて振られちゃったから余計に、,2月26日,,3月21日
https://x.com/momo_fukuen/status/2026776719232061712,59,5,4562,もも｜回避型彼氏と復縁,回避型との復縁は『変わった自分』より『素直な自分』を見せた方がいいよ。私は復縁活動で自分磨きとかしないで、ただ明るく楽しく接することだけ意識した。そしたら「前より一緒にいて楽」って言われた。回避型は相手が自然体でいてくれる方が安心する。無理に違う自分になろうとしなくて大丈夫だよ,2月26日,,3月21日
https://x.com/momo_fukuen/status/2026991375615730087,59,3,13979,もも｜回避型彼氏と復縁,,2月26日,,3月21日
https://x.com/momo_fukuen/status/2026944805377622306,49,2,5099,もも｜回避型彼氏と復縁,回避型にとって元カノって、いつまでも『自分を受け入れてくれた唯一の存在』なんだよね。新しい人に心開くまで時間かかるから、振った側だとしても元カノへの執着が重いくらい残る。私の彼も「（私）ちゃん以外に素を出せる人いない」って復縁後に言ってた。回避型が復縁率高いのはそういう理由。,2月26日,,3月21日
https://x.com/momo_fukuen/status/2026620064913568103,73,5,15726,もも｜回避型彼氏と復縁,,2月25日,,3月21日
https://x.com/momo_fukuen/status/2026651620889735385,39,2,2955,もも｜回避型彼氏と復縁,「復縁しても幸せになれない」「早く次いきなよ」とか余計なお世話すぎる。私が復縁活動してる時もこういうこと言ってきた人いっぱいいた。全部聞き流したけど、ちゃんと復縁できたし幸せになれただから外野の声はほんっとに気にしなくていいからね。幸せになるために復縁を目指してもいいの。,2月25日,,3月21日
https://x.com/momo_fukuen/status/2026576741675024778,86,2,7340,もも｜回避型彼氏と復縁,「復縁しても同じこと繰り返すよ」って周りに言われて絶望した2年半前。でも『回避型の心理』にあわせて信頼回復→復縁したら、愛冷めるどころか年々溺愛度が増してて今では彼の方が重いくらい。だから心配しすぎなくて大丈夫だよ。結局信じられるのは、自分の直感と経験者の声だけ。,2月25日,,3月21日
https://x.com/momo_fukuen/status/2026489289878712612,20,0,5007,もも｜回避型彼氏と復縁,元カノから連絡きても「また傷つけるかも」って逃げちゃう。回避型の彼に連絡しても反応が悪いのはそのせい。殻にこもった回避型は厄介だよねでも、この罪悪感をうまく使えば『復縁スイッチ』を入れられる。私も最初は全然進展しなくて悩んだけど『回避型のNGポイント』を避けて戦略的に動いたら、,2月25日,,3月21日
https://x.com/momo_fukuen/status/2026489287383068984,261,14,34701,もも｜回避型彼氏と復縁,回避型ほど未練たらたらで引きずる男はいないよ。彼らは向き合えなかったことを自覚してる。好きな子を傷つけたこともわかってる。罪悪感で動けないだけなの。回避型って別れた後も「向き合わずに逃げて傷つけた」「幸せにできなかった」ってずっと考えてる。ただその罪悪感が強すぎて、,2月25日,,3月21日
https://x.com/momo_fukuen/status/2026291916426633404,99,1,7725,もも｜回避型彼氏と復縁,復縁したい人は聞いてほしい。いま彼と連絡取れてるなら、それだけで十分チャンスあるからね。私も冷却期間ガン無視したけど復縁できた。せっかく連絡取れてるのに『冷却期間』とか気にして変な動きする方が危険。復縁のルールより『目の前の彼とのコミュニケーション』が復縁につながるカギだよ。,2月24日,,3月21日
https://x.com/momo_fukuen/status/2026265281862213906,116,5,23422,もも｜回避型彼氏と復縁,『元彼に沈黙されてる』、これ実は復縁率がかなり高いパターンなんだよね。私も回避型の彼に冷たくされたし既読無視もされた。『連絡が来ない、冷たい＝脈なし』と落ち込んだ瞬間もあったけど実際は全然違ったの。復縁したあと彼に「別れたあと、冷たかったしLINE無視したのなんで？」って聞いたら、,2月24日,,3月21日
https://x.com/momo_fukuen/status/2026409550874816750,36,1,3345,もも｜回避型彼氏と復縁,行動してから時間差で進展するのは復縁あるある。ずっと未読無視だった彼に毎月LINEし続けてたら、急に返信がきて、そこから毎週デートするまで距離が縮まったって報告もらった返信なくても連絡がきっかけで彼の心に確実に変化は起きてる。すぐ変化がなくても焦らなくて大丈夫だからね。,2月25日,,3月21日
https://x.com/momo_fukuen/status/2026265284294910074,20,0,4149,もも｜回避型彼氏と復縁,「振ったから気まずいし普通に接するのは罪悪感で無理だった」って。男が動かないのは気持ちがないんじゃなくて罪悪感で身動き取れないだけ。そんな気まずさを抱える回避型に「落ち着いたらご飯行きたい」みたいな反応に困るLINEを送るのは絶対NG。罪悪感でブロックor無視される率高め。そのかわり、,2月24日,,3月21日
https://x.com/momo_fukuen/status/2026209733280235998,151,6,14231,もも｜回避型彼氏と復縁,正直、復縁したいっていうより「あのころに戻りたい」って思ってた。もっと言うと「彼にもう一度名前を呼んでほしい」だった。ほんとに復縁できるのかなって毎日不安だったけど、『正しい戦略』で動いたら復縁できた。未練も執着もあったけど普通に復縁できたから、自分を追い詰めなくていいからね。,2月24日,,3月21日
https://x.com/momo_fukuen/status/2026043387179389315,27,0,2280,もも｜回避型彼氏と復縁,回避型の元彼が冷たいのって「気持ちが冷めたから」でも「関わりたくないから」でもない。単純に「気まずいから」みたい。私が復縁した彼が「振ったのに今まで通り接する方が失礼だと思った」って。心折れそうになるからやめてって感じだけど、振った男性からすると気持ちがないわけじゃないんだよね。,2月24日,,3月21日
https://x.com/momo_fukuen/status/2025914313706508525,135,2,27730,もも｜回避型彼氏と復縁,回避型との復縁、実は『LINEさえミスらなければ成功率がめちゃくちゃ上がる』。回避型って返信のハードルが少しでも高いと動かないタイプ。「なんて返せばいいかわからない」と感じた瞬間に後回し。「いまさら返信しても遅いよね」ってそのまま放置する。でもこれって『回避型が返しやすいLINE』なら、,2月23日,,3月21日
https://x.com/momo_fukuen/status/2025775290019107227,180,8,33185,もも｜回避型彼氏と復縁,実は、回避型が別れを告げる瞬間って『愛情が消えたわけじゃない』。本当は正反対で、大好きな相手を自分が不幸にしてるって自己嫌悪に陥って距離を取ろうとしてる。「一緒にいることで彼女を苦しめてる」っていう罪悪感で関係を終わらせようとするのは回避型あるある私も不安オーラ出してたせいで、,2月23日,,3月21日
https://x.com/momo_fukuen/status/2025850285479109071,89,2,16758,もも｜回避型彼氏と復縁,男が100%冷めることってほぼない。女性は気持ちがゼロになってから振るけど、男性はグレーのまま別れを告げるから。感情処理が苦手な回避型はとくにそう。私の彼も「好きかわからなくなった」って言ってたけど、これ言うの男だけだから気持ちが戻りやすいし、復縁成功パターンも男が振った側が多いの,2月23日,,3月21日
https://x.com/momo_fukuen/status/2025775292833493150,26,0,2905,もも｜回避型彼氏と復縁,彼の『男としてのプライド』を傷つけて振られた。『男は彼女が幸せだと自信がついて、不安だと自信を失う生き物』ってほんとにその通りだよね。ここで自信喪失した回避型を放置すると復縁率が下がるから気をつけてほしい。日常に慣れて「今の方がラク」って思った回避型は戻らない。手遅れになる前に、,2月23日,,3月21日
https://x.com/momo_fukuen/status/2026117503047602386,81,2,10976,もも｜回避型彼氏と復縁,回避型との復縁で見落としがち『回避型は安心感と信頼で動く生き物』ってこと。好きかどうかより「この人といて疲れないか」「安心できるか」で決めるんだよね。回避型が冷たいときって「また重い話になるかも」「なんか求められそう」って警戒してるだけ。私の彼も別れた直後はそっけなかったけど、,2月24日,,3月21日
https://x.com/momo_fukuen/status/2025695343967346841,93,3,9839,もも｜回避型彼氏と復縁,愛してくれる人を手放すと後悔するのが回避型。人一倍『愛されたがり』だからねだから一途に愛された男ほど別れたときの罪悪感が強くなる。彼も振るときは冷たかったけど「やっと自由だ！」なんて思わなかったみたい。『重い女性』が復縁に有利なのは、こういう男性心理があるからだよ。,2月23日,,3月21日
https://x.com/momo_fukuen/status/2025570909957083536,128,3,8429,もも｜回避型彼氏と復縁,復縁後の回避型が急に溺愛モードになるのには理由がある。『逃げた自分をそれでもこの子は愛してくれた』って事実に、本気で安心するんだよね。回避型と深い絆を作るには別れを乗り越える必要があるんだと思う。見捨てなかった相手への信頼が深まるし、一途に愛されてた事実が彼を変えるってこと。,2月22日,,3月21日
https://x.com/momo_fukuen/status/2025493262191256061,71,2,8568,もも｜回避型彼氏と復縁,回避型は「別れても平気に生きていける」って実感すると戻らなくなっちゃうんだよね。友達が冷却期間信じて3ヶ月後に連絡したら、彼が「もう過去のこと」って言い出して復縁できなかった。それが怖かったから、私は定期的に連絡して復縁を叶えた。回避型の彼には完全に存在を消さないのがほんとに大事,2月22日,,3月21日
https://x.com/momo_fukuen/status/2025411830903128558,128,3,27560,もも｜回避型彼氏と復縁,復縁した回避型の彼に「過去の元カノと復縁した彼女(私)の違いって何？」って聞いたら「過去の元カノは時間が経ってから連絡してきて俺の中で完全に区切りがついてた。でも(私)ちゃんは気持ちが残ってるうちに連絡くれたからそれが大きかった」って。逃げるように別れた回避型は、時間が経つほど、,2月22日,,3月21日
https://x.com/momo_fukuen/status/2025187399081623921,148,2,15880,もも｜回避型彼氏と復縁,回避型との復縁は『重い女』が圧倒的に有利だよ。彼らは愛されることに慣れてない。だから本気の愛を向けられると処理できずに逃げる。でも別れてやっと気づく。「あれほど愛してくれた人はいない」って。回避傾向が強い男性ほど、愛情が時間差で効いてくる。だから『重さ』が原因で振られた人ほど、,2月21日,,3月21日
https://x.com/momo_fukuen/status/2025326161249570915,64,0,4639,もも｜回避型彼氏と復縁,復縁→溺愛で超大事なのは『下手に出ない、対等でいること』。回避型の彼に遠慮すると余計にギクシャクしちゃうけど、カラッと接してると付き合ってた頃の空気に戻れる。こっちが普通にしてると相手もその雰囲気に引っ張られる。私も復縁活動してるときすごく意識してた。変な気遣いはいらないからね。,2月22日,,3月21日
https://x.com/momo_fukuen/status/2025031833784836407,45,1,6251,もも｜回避型彼氏と復縁,最後に戻ってくる率が高いの。でも、回避型の厄介なところは自分に自信がないところ。「俺と別れた方が彼女は幸せになれる」って本気で思ってるから、冷却期間を置いても絶対に戻ってこない。逆に数ヶ月も距離を置いたら気持ちも落ち着いて「別れて良かった」が確定しちゃう。だから早い段階で、,2月21日,,3月21日
https://x.com/momo_fukuen/status/2025031830978928983,406,15,50863,もも｜回避型彼氏と復縁,回避型が本気で惚れた相手にだけする行動、それは『自分から別れを告げる』こと。テキトーに浅く付き合ってる場合、どれだけ冷めても放置プレイ。でも本当に大事な相手だと、愛情が強くなりすぎて処理できなくなる。だから別れを告げる。つまり『振られた＝本命彼女』ってことなんだよね。だから、,2月21日,,3月21日
https://x.com/momo_fukuen/status/2024842575803457921,70,3,3667,もも｜回避型彼氏と復縁,復縁って100回の拒絶を耐えた先に叶うものだと思う。私も振られる前から別れた後まで何度も突き放された。そのたびに傷ついた。でもその先に幸せな未来がちゃんとあったんだよね。数回のNOで諦めるには早すぎる。つらい道のりだからたくさん休んでいい。諦めさえしなければチャンスは必ずくるからね。,2月20日,,3月21日
https://x.com/momo_fukuen/status/2024816012500312136,97,5,18877,もも｜回避型彼氏と復縁,男性って元カノを絶対忘れない。私たち女性には信じられない感覚だけど、男性にとって元カノっていつまでも『特別な存在』なんだよ。特に回避型の男性は自分の弱い部分を見せられる相手が極端に少ないから、元カノへの執着が残りやすい。でも男心って複雑で、別れてから時間が経ちすぎると、,2月20日,,3月21日
https://x.com/momo_fukuen/status/2024959748467016129,61,1,5542,もも｜回避型彼氏と復縁,回避型は『大切な関係を守るために距離を置く』選択をする。復縁して初めて知った事実。メンヘラの私には想像もできない考え方だったから別れる前はぶつかった。でも今はそれが彼なりの愛情なんだってわかる。回避型にとって別れを選ぶことすらも不器用な愛情表現。だから最後に戻ってくる率も高いの。,2月21日,,3月21日
https://x.com/momo_fukuen/status/2024770848251642107,161,6,13167,もも｜回避型彼氏と復縁,男は『本気で向き合ってくれた元カノの大切さ』に別れてからしか気づけないんだよね。一緒にいる時は当たり前だと錯覚してる。私の回避型の彼も、復縁後に「あのころの俺は本当にバカだった」ってぽろっと言ってた。本気で愛して尽くした自信があるなら、その記憶は絶対に彼の心に残ってるから大丈夫。,2月20日,,3月21日
https://x.com/momo_fukuen/status/2024689320846909677,82,1,11801,もも｜回避型彼氏と復縁,回避型と復縁して気づいたけど、復縁って「殻にこもった回避型の心をどう開くか」がすべてなんだよね彼らは別れた後、殻に閉じこもって「一人の方がラク」って思い込もうとする。でもそれって本心じゃない。冷たく突き放すのにブロックしないのがその証拠。心では戻る可能性を期待してる。だから、,2月20日,,3月21日
https://x.com/momo_fukuen/status/2024600882080289101,96,2,7729,もも｜回避型彼氏と復縁,復縁した友達と話すと『後悔しないようにできること全部やった』ってみんな言う。受け身で待ってた子は一人もいなくて「ブロックしない＝彼が迷ってる＝チャンス」って考えてガンガン動いたって。私も完全に同じマインドだから共感。復縁に必要なものって、運でも我慢でもなくて行動力だなって確信した,2月20日,,3月21日
https://x.com/momo_fukuen/status/2024408841052705056,241,5,21074,もも｜回避型彼氏と復縁,復縁した彼に「別れた後の連絡、うざいと思った？」って聞いてみた。「あんなに冷たくしたのに何で？とは思った。けど本気で俺のこと好きなんだって思って普通に嬉しかった」って。現代の男性ってみんな自信ないし、回避傾向ある。だから『振られても一途な姿勢』がかなり刺さるんだろうなぁと思った,2月19日,,3月21日
https://x.com/momo_fukuen/status/2024384264834527305,118,7,17026,もも｜回避型彼氏と復縁,回避型の男あるある勝手に彼女を『女神扱い』して劣等感抱えてるんだよね。私の復縁した彼も完全にこれで、冷たく突き放すのは雑に扱ってるわけじゃなくて「こんな素晴らしい女性の隣にいる資格がない」って気持ちみたい。だからこそ未練たらたらで、こっちの関わり方次第で最後はちゃんと戻ってくる,2月19日,,3月21日
https://x.com/momo_fukuen/status/2024325704641597916,302,13,27003,もも｜回避型彼氏と復縁,回避型は『自分の感情が乱れる相手』からしか逃げない。つまり、彼にとってあなたは感情を乱してしまうほど『特別な存在』ってこと。どうでもいい相手には冷たくしない。でも本気で好きだった相手には壁を作る。自分の感情をコントロールできなくなるのが怖いから。だから彼の冷たい態度は、,2月19日,,3月21日
https://x.com/momo_fukuen/status/2024121823940784212,76,1,6276,もも｜回避型彼氏と復縁,回避型の彼と復縁したあと「最初は積極的だったのに冷たくなるってどういうこと？」って彼に文句言ったら「本気で惚れるとかっこつけるから、嫌われるの怖くて距離置きたくなる」って。回避型の心理は複雑けど、弱い部分さらけ出して仲直りした後はずっと溺愛状態。別れを経験したおかげだと思う。,2月18日,,3月21日
https://x.com/momo_fukuen/status/2024231447876497880,128,1,10490,もも｜回避型彼氏と復縁,"回避型と復縁した私がやらなかったこと

・SNSでの充実してますアピール
・『そっけない＝脈なし』と決めつける
・別れた原因を持ち出して「ごめんね」連発
・「魅力がないから振られた」と自己否定する
・執着はダメと決めつけて無理にポジティブ思考

これやらないだけで復縁率あがるから保存してね",2月19日,,3月21日
https://x.com/momo_fukuen/status/2024096213650608483,45,3,3970,もも｜回避型彼氏と復縁,回避型と復縁できた子って『追ってる感がないLINE』がかなり上手。だから積極的に連絡しても進展する。回避型が返信しないのは忙しいからでも興味ないからでもなくて「どう返せばいいかわからない」って迷ってるから。で、迷ってるうちに時間が経って「今更返すのも変だし」ってなる悪循環。だから、,2月18日,,3月21日
https://x.com/ddk1_01/status/2024026849668731336,78,4,17431,R,これほんっとそうマジで回避型は沈黙しすぎは超注意。私も冷却期間だからって連絡しないでいたし、いつまで冷却期間取ればいいの？と思ってた矢先に過去の彼からの「彼女と同棲したからLINE消すね！」という連絡で復縁の可能性ゼロになった。回避型は構ってちゃんが多いから放置しすぎは注意だよ。,2月18日,,3月21日
https://x.com/momo_fukuen/status/2024046708641181883,120,4,9801,もも｜回避型彼氏と復縁,結局、回避型の男を変えるのはこちらの『どストレートな愛情』のみ。復縁活動を頑張ってる人ほど、駆け引きでどうにかなるほど甘くないって知ってると思う。わざと冷たく放置して、それで一時的に復縁できても長続きしないのが目に見えてる。私が本気だから彼も応えてくれたんだって復縁してわかった。,2月18日,,3月21日
https://x.com/momo_fukuen/status/2023759377275228283,36,0,4005,もも｜回避型彼氏と復縁,復縁した彼が教えてくれたのは、回避型は別れた後ずっと後悔してるってこと。逃げたこと、向き合えなかったこと、自由になのに全然幸せじゃないこと。別れてから気づくんだよね。私たちがすべきなのは「彼が戻れるきっかけ」を作ることだけ。プライド高い回避型も、きっかけさえあれば戻ってこられる。,2月17日,,3月21日
https://x.com/momo_fukuen/status/2023875351596642711,25,1,1485,もも｜回避型彼氏と復縁,「復縁は100%ないし、もう会わない」って言われたけど復縁できた。今では毎日連絡くるし「行きたいとこある？」って毎週末デートに誘ってくる。自分が変われば、回避型だろうがなんだろうが相手の気持ちも変わっていく。今の状況だけ見て「無理」って諦めなくていいからね。,2月18日,,3月21日
https://x.com/momo_fukuen/status/2023728384359231787,20,0,2890,もも｜回避型彼氏と復縁,連絡手段さえあれば復縁の可能性は十分ある。でも「興味ないふりして追わせる」「自分磨きして振り向かせる」作戦は普通の男には効くけど回避型には逆効果。回避型は競争心や嫉妬で動くんじゃなくて『安心できる人のそばにいたい』で動くから。むしろ駆け引きに気持ちが冷めるタイプ。私も振られる前、,2月17日,,3月21日
https://x.com/momo_fukuen/status/2023397452632690975,306,12,16742,もも｜回避型彼氏と復縁,回避型が戻ってくる相手って結局不安型なんだよね。安定型はあっさり切り替えちゃうから。回避型もそんな相手には戻りたくならない。私もそうだけど不安型の女性っていい意味で諦めが悪い。これってネガティブじゃなくて、回避型と復縁して長期的なパートナーになるために必要な長所だと思う。,2月16日,,3月21日
https://x.com/momo_fukuen/status/2023508182082183530,84,2,6188,もも｜回避型彼氏と復縁,男は、元カノとの「楽しい未来」を想像した瞬間に復縁を意識する。私の回避型の彼も、私があまりにも楽しそうだから釣られたって言ってた。振られる前、ずっと不幸オーラ撒き散らしてたの反省したよね謝罪して許してもらおうとするより「私といると人生得するよ〜！」くらい強気で楽しくいるのが大事,2月17日,,3月21日
https://x.com/momo_fukuen/status/2023374482094821403,39,1,6176,もも｜回避型彼氏と復縁,自分からは絶対に動かないところ。ここで追いかけると逃げるけど、完全放置だと新しい彼女を作る。基本寂しがり屋だからでもそんな回避型と「関係修復→復縁する手段」がひとつだけある。それは『回避型の警戒モードを刺激しない関わり方』で信頼を取り戻すこと。最初はそっけなくても、,2月16日,,3月21日
https://x.com/momo_fukuen/status/2023327450374267043,88,1,8335,もも｜回避型彼氏と復縁,彼と別れた当時の話をたまにするけど『別れ際に感情的になってすがった私』より『幸せだった時の私の笑顔や甘えた姿』の方が記憶に残ってたって。振った男ほど元カノを美化するって本当なんだね。だからこそ円満な別れじゃなくても復縁は叶うし、数年単位で時間をかけなくてもよりを戻せるんだと思う。,2月16日,,3月21日
https://x.com/momo_fukuen/status/2023222567188972014,121,2,16808,もも｜回避型彼氏と復縁,9割の人が勘違いしてるけど『彼と会えなくても復縁はできる』からね。「彼に会ってもらえない」って落ち込む人が多いけどほんっとに関係ないから大丈夫。私も復縁寸前まで彼と会えなかったし、LINEや電話で復縁してから会う人もたくさんいる。特に回避型は「会うと復縁迫られるかも」って構えるから、,2月16日,,3月21日
https://x.com/momo_fukuen/status/2023143780778704998,226,6,7367,もも｜回避型彼氏と復縁,今、復縁を目指してる子は100%幸せになれるよ。どん底の状態を経験したなら、あとは上がるだけだから。「どうせ復縁できる」「どうせ幸せになる」って開き直っちゃえば、運も必ず味方になってくれる。女の子はそれくらい欲張りでいいの。彼に別れたことを後悔させて、ぜったい幸せになろうね。,2月16日,,3月21日
https://x.com/momo_fukuen/status/2023031282180170071,20,1,1572,もも｜回避型彼氏と復縁,回避型に冷たくされてもブロックされてないなら絶望しなくていいからね。彼らは本気で逃げたい時は完全に姿を消すから。連絡手段が残っているのは、彼の中であなたが「まだ切れない存在」ってこと。私もそれをチャンスだと思って行動した。言葉の冷たさより『ブロックしない彼の真意』を見るのが大事。,2月15日,,3月21日
https://x.com/momo_fukuen/status/2022957197446238323,119,3,10706,もも｜回避型彼氏と復縁,回避型と不安型って実は似た者同士。お互いに『愛されたい欲求』が人一倍あるから惹かれ合う。でもストレスがかかったときの反応が真逆だからすれ違いが起きるんだよね。不安型の私は、彼の気持ちが理解できず焦って振られた。でも回避型の性質を学んだら復縁できたし、今は穏やかに付き合えてるよ。,2月15日,,3月21日
https://x.com/momo_fukuen/status/2023013155031646429,24,0,3244,もも｜回避型彼氏と復縁,我慢しない方がいい。同じことの繰り返しになっちゃうから。回避型に冷却期間をとると復縁率が下がる理由もそれ。たとえ復縁できても幸せになれないパターンが多いんだよね。私もそれは嫌だったし我慢したくなかった。だから自分から積極的にアプローチした。もちろん『回避型の地雷ポイント』は、,2月15日,,3月21日
https://x.com/momo_fukuen/status/2023013151793680818,124,2,17815,もも｜回避型彼氏と復縁,回避型が本命に選ぶ女性って『愛情深くて器が大きい』。だから彼が逃げても辛抱強く待っちゃう。でも、私はそれで振られたから「このまま復縁しても同じじゃない？」って冷静に考えちゃったんだよねそれに「逃げても何も言われないから次もそうしよ」って彼に逃げ癖がつく。回避型と復縁したいなら、,2月15日,,3月21日
https://x.com/momo_fukuen/status/2022677140505006346,55,2,3778,もも｜回避型彼氏と復縁,元彼から自分から戻ってくるのを期待すると、待つのがしんどくなる。私は「あのプライド高い彼が自分から戻ってくるはずない」って割り切って行動して復縁の流れを作った。彼に期待するのをやめて、自分が主導権を握るマインドに変えたら復縁が現実になったよ。受け身をやめるとメンタルも安定する◎,2月14日,,3月21日
https://x.com/momo_fukuen/status/2022603859592450171,282,18,18035,もも｜回避型彼氏と復縁,復縁した友達が言ってたのは「復縁したい側から動かないと始まらない」ってこと。「愛したい気持ちが少しでも残ってるなら、後悔しないように動いた方がいい」って言ってて完全同意だっただから今動いてる人たちは間違いなく正しい。諦めず行動した人だけが掴める幸せって本当にあるからね。,2月14日,,3月21日
https://x.com/momo_fukuen/status/2022512780226834476,47,1,9762,もも｜回避型彼氏と復縁,私が振られた理由も、彼の「男としての自信」が折れたからだった。私が不安をぶつけたせいで彼のプライド傷つけたんだよねそれでもやり直せたのは完全に放置しなかったから。「彼女のため」って思い込んで別れた彼が自分から連絡してくるわけがない。数ヶ月冷却期間なんて置いたら気持ちも冷めるし、,2月14日,,3月21日
https://x.com/momo_fukuen/status/2022314217144209681,68,1,7565,もも｜回避型彼氏と復縁,みんな言わないけど、冷却期間とって復縁できた人ってかなり運いいと思う。もちろん本人の努力もあるけど、元彼に新しい彼女ができなかったorできてもすぐ別れたってことだから。私は運に任せすぎるのは怖くて無理だったから、自分の気持ちに正直に行動した。結果それで復縁できたから正解だったよ。,2月13日,,3月21日
https://x.com/momo_fukuen/status/2022431085481882053,28,1,2671,もも｜回避型彼氏と復縁,復縁は本物のパートナーシップの始まりだよ。一度逃げ出した彼が自ら「戻る」決断をした時、そこには以前とは比べものにならない覚悟が宿るから。前より本気で向き合ってくれるし、一度失ったからこそ愛の深さも重みも全然違う。今の2人が一番幸せ。この関係は別れたからこそ作れたって断言できる,2月14日,,3月21日
https://x.com/haru_motokare/status/2022253749750968745,1086,52,167672,はる@元カレの本音,男目線で見てもこれは正解です。女性は気持ちが冷めたら元彼に対して無関心になるみたいですが、男は絶対にそんなことならないです。男だけで飲むとまじでみんな元カノの話しますからね。振ったとしてもそれくらい未練タラタラなんですよ。男は常にグレーです。だからこそ行動次第で復縁は十分可能です,2月13日,,3月21日
https://x.com/momo_fukuen/status/2022283353496674475,102,0,14948,もも｜回避型彼氏と復縁,回避型が最後に復縁したくなるのは『自分のこと本気で好きでいてくれる女性』だよ。彼らは『見捨てられ不安』が強い。だから一途に想ってくれる元カノに心が揺れるし戻りたくなる。ただ問題は『一途＝重い』って彼に勘違いされがちなこと。ここで多くの女性が重さや執着をなくすために、,2月13日,,3月21日
https://x.com/momo_fukuen/status/2022149349971833290,137,1,22984,もも｜回避型彼氏と復縁,復縁できた女性が100%知ってる真実『振った側から連絡するのは想像よりはるかに気まずい』。特に回避型って逃げるように別れるから気まずさで連絡できなくなる。返事する時も冷たい感じになっちゃう。彼がそっけないのは「もう気持ちない」からじゃない。「興味がない」からでもない。別れた直後に、,2月13日,,3月21日
https://x.com/momo_fukuen/status/2022066180433883181,70,1,3787,もも｜回避型彼氏と復縁,よく「復縁は運」って言うけど違う。決意の強さだよ。「絶対にむり」「幸せになれない」って散々言われた。でも彼が心の底から笑えるのも幸せになれるのも、私と一緒のときだけって確信があった。その直感だけを信じて行動したから復縁できたし今も溺愛されてる。気持ちの強さが未来を作るんだよ。,2月13日,,3月21日
https://x.com/momo_fukuen/status/2021953667910578410,55,0,4160,もも｜回避型彼氏と復縁,復縁活動中「いい感じかも」って思ったのに急に彼が距離をとってくることあるよね。それって嫌いになったからじゃなくて、自分が別れを告げたのに気持ちが戻ってきて気まずくなっただけ。ここで白黒つけようとすると縁が切れちゃう。こういう時こそ焦らずサラッと受け流せば、復縁はすぐだからね。,2月12日,,3月21日
https://x.com/momo_fukuen/status/2021921830978891860,95,1,12687,もも｜回避型彼氏と復縁,回避型は『未練が強いときほど連絡できなくなる』生き物。復縁した彼が言ってたのは「未練も後悔もあったけど、自分から振ったのに連絡なんてできるわけないよ」って。回避型ってほんと頑固だよね。自分からは絶対連絡できないけど、未練があるからブロックはしない。ただ、その気持ちがなくなったら、,2月12日,,3月21日
https://x.com/momo_fukuen/status/2021786953763700873,151,6,23197,もも｜回避型彼氏と復縁,元彼の「俺よりいい人いるよ」は本心じゃないからね。特に回避型は、本命への愛が強くなると自信を失って突き放す。私も振られるときに言われたけど、彼の本心は『それでも俺のことが好きって言ってほしい』だったみたい。だからこの言葉を言われたら復縁の可能性は限りなく高いってこと。それなのに、,2月12日,,3月21日
https://x.com/momo_fukuen/status/2021701275960606995,123,3,16385,もも｜回避型彼氏と復縁,回避型の彼いわく『元カノから連絡きたこともあったけど「いまさら遅いよ」って思った』らしい。冷却期間は記憶を美化してくれる。でも時間が経ちすぎるとただの「いい思い出」に落ち着いちゃうんだよね。『別れて1年以内』の復縁率が高い理由も完全にこれ。タイミングを逃さないって大事すぎる。,2月12日,,3月21日
https://x.com/momo_fukuen/status/2021583654284091771,619,22,27486,もも｜回避型彼氏と復縁,一度別れても『本当に縁がある相手』なら絶対に戻れるよ。今は信じられないかもだけど、どんなに最悪な別れ方してもほんとに何とかなるから大丈夫。私も彼に突き放されたときは絶望したけど、諦めなかったから今も彼に隣にいられてる。諦めずに行動すれば、運が味方してくれる瞬間が必ずくるからね。,2月11日,,3月21日
https://x.com/momo_fukuen/status/2022650882123534371,469,16,68178,もも｜回避型彼氏と復縁,元彼が一番グッとくるのって『振られても一途でいる』だからね。男は放置したら焦って追いかけてくるって言うけど、それは自信過剰でコミュ力高い男限定。基本的に回避傾向がある男は、放置しすぎると「もう自分への未練ないんだな」って次に進むモードになる。気持ちの整理が完全についた男は、,2月14日,,3月21日
https://x.com/momo_fukuen/status/2021434589361864895,20,0,3890,もも｜回避型彼氏と復縁,意外とすぐ戻ってくる。進展しないのは冷められたからじゃない。ただ『回避型への接し方』を知らないだけ。定番の復縁ノウハウは『回避型の地雷』になる。たとえば『長い冷却期間』。安定型には効果的でも回避型には逆効果。距離を置くと彼がさらにそっけなくなるのはそのせいでも、,2月11日,,3月21日
https://x.com/momo_fukuen/status/2021434587105411283,158,7,50971,もも｜回避型彼氏と復縁,回避型と復縁してわかったのは『振った側が男なら復縁のチャンスはいくらでも残ってる』ってこと。女性は一度冷めたら終わりだけど、男はいつまでも元カノを女神扱いしてるから。特に本命からだけ逃げる回避型は、嫌いになったわけじゃなく『好きだから回避した』だけ。だから接し方を間違えなければ、,2月11日,,3月21日
https://x.com/momo_fukuen/status/2021524463188353388,97,3,8815,もも｜回避型彼氏と復縁,回避型の元彼を動かすのは「明るい未来」のイメージだよ。重い話し合いじゃ魅力は伝わらない。私も連絡した時、とにかく明るく素直な自分を徹底した。気まずい時こそ、それを感じさせないハッピーなオーラを出すのが大事。彼が「今なら普通に話せるかも」って想像した時点でこちらの勝ちです,2月11日,,3月21日
https://x.com/ddk1_01/status/2021445596830445685,155,4,34288,R,めちゃくちゃこれわかる。回避型の彼って、冷たさ＝本気度だからね。私も「距離置かれた＝終わり」って思ってたけど、接し方を変えただけで態度が一気に優しくなった。結局、回避型は追う恋愛が苦手なだけで、気持ちはずっと残ってる。今冷たくされててもまだ全然チャンスある,2月11日,,3月21日
https://x.com/momo_fukuen/status/2021336371575890057,679,48,44464,もも｜回避型彼氏と復縁,回避型を愛せるのは『一途で諦めが悪くて愛が大きい不安型』だけ。不安型を愛せるのは『逃げるのに後悔して戻ってくる回避型』だけ。完璧じゃない2人だからこそ何度でも惹かれ合うんだよね。『相性最悪』っていわれる組み合わせだけど、彼の性質を理解すれば復縁も2人で幸せになることも難しくないよ。,2月11日,,3月21日
https://x.com/momo_fukuen/status/2021204349616259464,28,2,4452,もも｜回避型彼氏と復縁,元彼が「回避モード」なのか「本気で冷めた」のかを見極めたら復縁率が上がる。ポイントはたったひとつで『はっきりした拒絶があるか』だけ。「もう関わりたくない」と言われたり、全ブロックされてるなら本気の拒否。この場合は100%冷却期間が必要。でもブロックもなく、ただLINEが止まっていたり、,2月10日,,3月21日
https://x.com/momo_fukuen/status/2021225882367434863,141,0,9051,もも｜回避型彼氏と復縁,女性は一度冷めたら終わりだけど男性は何度でも惚れ直すから、復縁を目指してる人は諦めなくていいよ。男の人ってなんだかんだ元カノ大好きな生き物なんだと思う。私も「復縁は100%ない」って言われたけど復縁できたから、彼に突き放されても落ち込まないで。やり方次第で復縁は現実的に叶うから。,2月10日,,3月21日
https://x.com/momo_fukuen/status/2021062525329281417,23,1,3624,もも｜回避型彼氏と復縁,『回避型の警戒心がとれてない』だけ。気持ちがないと縁を切る回避型がブロックしてない時点で脈ありは確定。でも彼が連絡無視したりそっけない態度なのは「責められたり話し合いを求められたらどうしよう」って警戒してるから。つまり『回避型の地雷ポイント』を避けて反応しやすい内容を選ぶだけで、,2月10日,,3月21日
https://x.com/momo_fukuen/status/2021062522602988008,137,6,22480,もも｜回避型彼氏と復縁,回避型の男って『彼女を振ったとき』の方が未練を引きずる生き物。振られたら「しょうがない」って割り切れる。でも自分が振ると「自分のせいで好きな子を傷つけてしまった」っていう罪悪感が残る。だから回避傾向がある男性ほど復縁率がかなり高いんだよね。それなのに回避型と進展しない理由って、,2月10日,,3月21日
https://x.com/momo_fukuen/status/2020973983794069739,199,4,13242,もも｜回避型彼氏と復縁,回避型が最終的に選ぶのは『自分を丸ごと受け止めてくれる子』だよ。男は弱さを見せるのを極端に嫌うから感情を隠して強がってる。でも本当は心から甘えたいのが本音。そして自分を理解してくれる人を求めてる。信頼して心を開ける相手がいないから、彼の唯一のセーフゾーンになれたらこっちのもの。,2月10日,,3月21日
https://x.com/momo_fukuen/status/2020826771349004440,142,9,24684,もも｜回避型彼氏と復縁,回避型と復縁した女性の共通点→『LINEを無視されても、しれっと追いLINEしてる』。回避型の「沈黙」は想定内で動いているから、未読のままでも返信が途切れても焦らず次の一手を打てるんだよね。そもそも「こちらから動かないと進展しない」って理解してるから、戦略的に動くのがほんとに上手。私も、,2月9日,,3月21日
https://x.com/momo_fukuen/status/2020810058083233952,22,0,3223,もも｜回避型彼氏と復縁,『元彼を放置すると焦って追いかけてくる』←これって完全に安定型の男性向け。自己肯定感低い回避型は、放置されると「別れて正解だった」って思うんだよね。だから長い冷却期間は絶対にダメ。「冷却期間置いてたらブロックされた」「彼に新しい彼女ができてた」ってケースが本当に多いでも、,2月9日,,3月21日
https://x.com/momo_fukuen/status/2020785760689848581,312,9,26910,もも｜回避型彼氏と復縁,回避型には『一途さ』が刺さる。復縁してわかったのは彼らは「見捨てられない安心感」を求めてるってこと。私が振られても一途に想い続けてたのが彼には相当刺さったらしい。「なんで俺なの？」って驚きつつ、内心めちゃくちゃ嬉しかったんだって。冷たい態度に負けず好きでい続けてほんとによかった,2月9日,,3月21日
https://x.com/momo_fukuen/status/2020491886486753535,182,3,10248,もも｜回避型彼氏と復縁,別れた後も彼を好きだと思うのは、それだけ本気で愛してた証拠。私も「執着かな？」って悩んだけど、無理に忘れるのをやめたら心が軽くなった。一度離れて冷静になっても「やっぱり彼がいい」って思えるなら、その直感は信じていい。自分の「好き」を素直に認めることが復縁への一番の近道だよ。,2月8日,,3月21日
https://x.com/momo_fukuen/status/2020474265561092260,418,23,59752,もも｜回避型彼氏と復縁,意外かもだけど、回避型の男性は本気で惚れた女性ほど『強い劣等感』を感じてしまう生き物。自分に無償の愛をくれる彼女を女神化して「俺みたいな人間が隣にいていいのか」と思い詰めるんだよね。私の彼もそうだったけど回避型は自己肯定感がかなり低いから、愛が深まるほど「期待に応えられない」って,2月8日,,3月21日
https://x.com/momo_fukuen/status/2020474272548880411,23,0,15129,もも｜回避型彼氏と復縁,ただ放置しても戻ることはない。だから『回避型の心理』に合わせて距離を縮めたら1ヶ月で関係修復→復縁できた。最初は冷たい彼もちゃんと心を開く。回避型に絶対的な安心感を与えると驚くほど素直に戻ってくる。それが復縁後の幸せに繋がるからね『回避型向け復縁戦略』は,2月8日,,3月21日
https://x.com/momo_fukuen/status/2020449137578107069,181,6,28788,もも｜回避型彼氏と復縁,これ本当にそう回避傾向強めの彼と別れると「自分は愛されてなかった」って思っちゃうけど、ほんっとにそんなことないからね。回避型って『関係を守るために距離を置く』タイプ。彼なりの不器用な愛情表現だったって復縁した今ならわかる。それに一途に注いだ愛情は時間差でちゃんと効いてくるからね,2月8日,,3月21日
https://x.com/momo_fukuen/status/2020344314954678537,180,4,25142,もも｜回避型彼氏と復縁,回避型と復縁→溺愛されてる女性は『きっかけは自分が作って、決断は彼にさせる』のが本当に上手。顔色伺って我慢して待っているだけじゃなくて、彼が動かざるを得ないようなきっかけを戦略的に仕込んでいる。しかも最終的なやり直す決断をあえて彼にさせるから『彼の男としての覚悟が決まる→,2月8日,,3月21日
https://x.com/momo_fukuen/status/2020252731005366753,74,3,8353,もも｜回避型彼氏と復縁,『未練がある時の元彼』ってめちゃくちゃ冷たくなるんだよね。未練がないときは普通の態度だし、下心があるときは変に優しい。だから元彼が冷たかったりLINEを無視する時ほど復縁率はかなり高い。私の彼も復縁を諦めそうになるくらい冷たかったけど『未練が刺激されてる証拠』だって今ならわかる,2月8日,,3月21日
https://x.com/momo_fukuen/status/2020142206183526432,134,2,12635,もも｜回避型彼氏と復縁,別れた後の回避型の脳内は『後悔と気まずさ』でいっぱい。振られた側は「もう私のことなんて忘れたんだ」と悲観しがちだけど、実際は逆。逃げるように去ったことを自覚してるからこそ、連絡のきっかけを完全に見失っているだけ。沈黙は「拒絶」じゃなくて彼の「不器用すぎる自責」だったりするよ。,2月7日,,3月21日
https://x.com/momo_fukuen/status/2020081011397390604,23,0,3049,もも｜回避型彼氏と復縁,回避型って別れ際はわざと冷たいことを言うんだよね。私の彼もそうだったけど最後は自分から「やり直したい」って戻ってきた。男の別れ際の言葉なんてその程度。こっちの関わり方次第で簡単に撤回できる。でも振られる前と同じ関わり方だと、いつまでも回避型の態度は冷たいままなんだよね。逆に、,2月7日,,3月21日
https://x.com/momo_fukuen/status/2020117289471791607,27,2,2719,もも｜回避型彼氏と復縁,男の「吹っ切れた」はただの演技だよ。あっさり前に進んでるように見えるけど、その中身はプライドで強がってるだけ。私の彼も別れてすぐ趣味のサッカーや飲み会に顔出してたぽい。でも復縁してわかったのは、逃げるように別れた回避型ほど心の奥底で「彼女を幸せにできなかった」っていう、,2月7日,,3月21日
https://x.com/momo_fukuen/status/2020056135412445434,338,5,31168,もも｜回避型彼氏と復縁,"復縁した私が別れ話で言われた言葉↓

・幸せにできない
・復縁は100%ない
・俺よりいい人いるよ
・早く俺のこと忘れて
・疲れたし何も考えたくない
・もう会うことはないと思う
・好きかどうかわかんなくなった

別れ際にすがってここまで言われたけど復縁できたから、最悪な別れ方しても関係ないよ。",2月7日,,3月21日
https://x.com/momo_fukuen/status/2019983725220753814,29,0,5700,もも｜回避型彼氏と復縁,進展しないのは『冷却期間を取りすぎて気まずさが残ってるから』。これがさらに悪化すると、人間関係リセット癖のある回避型は「今さら戻れない」って完全に縁を切る方向に進むでもまだブロックされてないなら『彼も完全に吹っ切れてない』ってことだからチャンスは残ってる。解決する方法は一つで、,2月7日,,3月21日
https://x.com/momo_fukuen/status/2019891853252804631,262,7,21544,もも｜回避型彼氏と復縁,回避型ってベタ惚れすると最初はグイグイくるけど、途中で回避モードに入るのがお決まり。でもこれ、冷めたんじゃなくて「嫌われたくない」っていう防衛反応なんだよね。私の復縁した彼も『本気だからこそ嫌われるのが怖かった』って言ってた。本命ゆえの回避モードって理解すると見え方が変わるよ。,2月7日,,3月21日
https://x.com/momo_fukuen/status/2019750814223327585,31,1,4231,もも｜回避型彼氏と復縁,回避型って『返信しない＝脈なし』ではないんだよね。むしろ気持ちが残ってるほど、未読や既読無視しがちなの。復縁した彼いわく「返信して期待させるのが怖いし、会いたいとか言われたら困る」って思ってたらしい。どうでもいい相手には何も考えずに即レスできるけど、,2月6日,,3月21日
https://x.com/momo_fukuen/status/2019695057096642651,118,4,15195,もも｜回避型彼氏と復縁,「回避型に連絡しちゃダメ」ってアドバイス、正直「いつまで？」って思っちゃう。連絡を我慢して顔色伺う関係なんて今後も無理じゃない？私は別れた後も自分から連絡したし、配慮はしたけど遠慮はしなかった。我慢をやめて素直に動いたからこそ復縁できた。自分の気持ちを大切にするのが一番だよ。,2月6日,,3月21日
https://x.com/momo_fukuen/status/2019415223418122651,137,3,85997,もも｜回避型彼氏と復縁,元彼がそっけない態度の方が実は復縁しやすいよ。それって気持ちが揺れてる証拠。優しい方が変だと思う。私の彼も最初は「うん」だけの短文や既読無視だったけど少しずつ変わっていった。だから今の状況で「無理」って決めつけなくて大丈夫。復縁叶えた人も全員どん底を経験して幸せつかんでるからね。,2月5日,,3月21日
https://x.com/momo_fukuen/status/2019386577408127151,28,0,5898,もも｜回避型彼氏と復縁,冷却期間をとると心の距離はますます離れる。「別れて正解だった」って彼が納得しちゃうから私は『回避型に合わせた戦略を立てて即行動した』けど正解だった。彼が完全に吹っ切れちゃう前に連絡して、少しずつ信頼関係を回復させたの。別れ際「俺よりいい人見つけてね」って言ってきた彼が1ヶ月で、,2月5日,,3月21日
https://x.com/momo_fukuen/status/2019250160933691815,28,0,5907,もも｜回避型彼氏と復縁,彼が自分から戻ってこないのが現実。冷却期間や自分磨きによって、元彼の中で自分の存在が美化されるかもしれない。でも「いい思い出」になるだけで終わることも多い。そういうとき回避型の心を動かすのは『たった1通のLINE』だったりする。復縁を叶えた人の共通点って無理に会おうとしないで、LINEで,2月5日,,3月21日
https://x.com/momo_fukuen/status/2019341750482170027,86,0,8855,もも｜回避型彼氏と復縁,回避型は別れると「また傷つけた」って罪悪感で未練を引きずる。でもその気持ちがあっても期待されるのが怖くて動けないんだよね。だから放置よりも、安心して返信できる空気をつくることの方が大事。私は軽いやりとりから関係を戻したよ。放置じゃなく安心で信頼関係を回復。それが回避型に一番響く。,2月5日,,3月21日
https://x.com/momo_fukuen/status/2019250156655505661,232,2,33995,もも｜回避型彼氏と復縁,回避型にとって元カノは『特別枠』だからね。回避型は警戒心強めの慎重派だから、彼女になった時点で彼の『ど本命』なの。それに回避傾向強い男って浅めの人間関係ばっかりだから余計に『元カノが特別』になるみたい。でもだからといって「復縁したい」とはならない。「別れる」って決めた以上、,2月5日,,3月21日
https://x.com/momo_fukuen/status/2018968591715201266,226,8,21723,もも｜回避型彼氏と復縁,回避型がテキトーに付き合ってる場合、彼女がキレても愛想尽かしても放置して別れない。でも本気で彼女のことが好きだった場合は『恋から愛に変わるタイミング』で自分から振る。愛が大きくなりすぎてキャパオーバーするんだよね。振るのは『本命』だった証拠だし、だからこそ復縁も叶う可能性が高い。,2月4日,,3月21日
https://x.com/momo_fukuen/status/2019056903863848999,114,4,17869,もも｜回避型彼氏と復縁,回避型って『元カノへの執着心』かなり強いよね。寂しがりやでかまってちゃんだし。振ったの自分なのに、元カノのストーリー見たり、未読のLINEにいきなり既読つけたりする。すねてるけど様子見してる。私の彼も振った側なのに、私から連絡きて嬉しかったって言ってた。元カノ気にしてる率高めだよね。,2月4日,,3月21日
https://x.com/momo_fukuen/status/2019044003166167195,106,3,11035,もも｜回避型彼氏と復縁,復縁してからは「やっぱ好きだなぁ」思いながら、回避型の彼がたまに殻にとじこもるときは「はいはい、いつものやつね」ってなる。復縁前みたいに「なんで無視するの？」「冷められたかも」って不安にならなくなった。だから彼もすぐ戻ってくるんだよね。これって信頼関係築いて復縁したからだと思う。,2月4日,,3月21日
https://x.com/momo_fukuen/status/2019014516466672018,399,16,78289,もも｜回避型彼氏と復縁,復縁した回避型の彼いわく『男が別れを切り出すときって気持ちが冷めたんじゃなくて「すねてる」だけ。好きな子が俺といて不安そうだと、自分の存在価値がない気がして自信なくす』らしい。これがプライド傷ついた時の男の本音なんだって。冷却期間を置いても彼の反応が変わらない原因ってシンプルで、,2月4日,,3月21日
https://x.com/momo_fukuen/status/2019014519981514985,26,0,8727,もも｜回避型彼氏と復縁,『彼が自信をなくしてすねてる状態』のままだから。これは放置しても回復しないむしろ放置すると余計に気まずくなってこじれるし、他の女性に逃げがち。だから私は『回避型の心理』に合わせて戦略的に距離を縮めた。回避型の心理を逆手に取れば、関係修復はそんなに難しいことじゃない。実際、,2月4日,,3月21日
https://x.com/momo_fukuen/status/2018801166289682534,128,0,7592,もも｜回避型彼氏と復縁,振られたとき、自分の気持ちがただの執着なのか、純粋な愛情なのかわかんなかった。いま同じような気持ちの人も多いと思う。でもこれって白黒はっきりつけられるものじゃない。ぜんぶ自分の気持ちだって受け止めるだけでいいからね執着を手放さなくても復縁はできるから自分を否定しなくていいよ。,2月4日,,3月21日
https://x.com/momo_fukuen/status/2018688401667481752,24,1,1795,もも｜回避型彼氏と復縁,復縁して一番びっくりしたのは彼の『嫉妬』が増えたこと。別れる前は連絡すらテキトーだったのに、今は別人みたいにマメになって独占欲が爆発してる。回避型って、一度失って初めて「本気で大事」と痛感するタイプなんだと思う。失う恐怖を味わったからこそ、ちゃんと向き合わなきゃって気づくんだね。,2月3日,,3月21日
https://x.com/momo_fukuen/status/2018612143915217295,166,5,22327,もも｜回避型彼氏と復縁,復縁できた子って『追ってる感がないLINE』がうまいんだよね。だから積極的に連絡しても進展する。逆に冷却期間置いても内容を間違えるとたった1通のLINEで『必死に追いかけてる感』が出ちゃう。私もそこらへんはすごい気をつけてた。連絡のタイミングより『LINEの内容』の方が圧倒的に大事だよね。,2月3日,,3月21日
https://x.com/momo_fukuen/status/2018525452932182255,20,0,5622,もも｜回避型彼氏と復縁,『回避型との関わり方を知らない』だけなの。復縁失敗するケースを見ると、ほとんどの女性が無意識に回避型の地雷を踏んでる私もそれをしまくって振られたからわかる。普通の男性に効果的な恋愛テクは逆効果になるってもっと早く知りたかった。でも『ブロックされてない＝拒否されてない』だから、,2月3日,,3月21日
https://x.com/momo_fukuen/status/2018525450629525757,376,5,45341,もも｜回避型彼氏と復縁,復縁したからわかるけど、振った側が男のときって復縁率がめちゃくちゃ高い。一度冷めたら絶対に気持ちが復活しない女性と違って、男性は普通に元カノに惚れ直す。特に回避型は『好きだから離れる』を選ぶタイプだから、関わり方さえ間違えなければ戻ってくる可能性が高いんだよね。進展しないのは、,2月3日,,3月21日
https://x.com/momo_fukuen/status/2018437268504014905,60,1,6006,もも｜回避型彼氏と復縁,元彼に「返事はいつでもいいよ」「無理しないでね」って送るのは絶対NG。男は過剰に気を使われると「俺ってそんなに頼りない？」って無能認定された気分になるしかも回避型は『待たせてる罪悪感』に耐えられず、もっと逃げるんだよね。対等な関係こそが復縁の近道だよ。,2月3日,,3月21日
https://x.com/momo_fukuen/status/2018247839797875115,157,2,23930,もも｜回避型彼氏と復縁,回避型って未練あるときほど簡単に返信できなくなるんだよね。悩んで悩んで悩んだ末に返さない選択をするのよ。元カノにヘラヘラLINEを送る男より誠実でもまったく返信ないのは困るから、私は『回避型が返しやすいLINE』をめっちゃ考えて送ってた。NGなLINEを送らないだけでも返信率あがるからね。,2月2日,,3月21日
https://x.com/momo_fukuen/status/2018164201076994321,271,7,40365,もも｜回避型彼氏と復縁,復縁した回避型の彼に「もし私が連絡してなかったらどうしてた？」って聞いてみた。そしたら「何度も思い出したけど、自分から動くことは絶対になかったかな。振った側から連絡なんて気まずすぎて無理だよ」って。『彼から連絡がない＝脈なし』じゃない。冷たい態度も気まずいだけ。ここで注意なのが、,2月2日,,3月21日
https://x.com/momo_fukuen/status/2018164203920744740,30,0,5051,もも｜回避型彼氏と復縁,『距離を置いたら気まずさがなくなる』って情報を信じすぎること。たしかに普通の男性には効果的。でも自己肯定感が低い回避型の場合は「俺がいなくても平気なんだな」って気持ちが冷めるんだよね。愛に飢えてるから回避型がすねて殻に閉じこもったら復縁は絶望的になる。だからこそ放置せず、,2月2日,,3月21日
https://x.com/momo_fukuen/status/2018071860726923318,156,3,11016,もも｜回避型彼氏と復縁,復縁してから知ったのは、振った側から連絡するのは想像以上に気まずいってこと。特に回避型は逃げるように別れるから、振られた側より100倍くらい気まずさ感じてるっぽい。『連絡ない＝気持ちない』は振られた側の妄想で、彼がいろいろ考えすぎて連絡できなくなってるケースって意外と多いと思う。,2月2日,,3月21日
https://x.com/momo_fukuen/status/2017714757642629324,161,7,22132,もも｜回避型彼氏と復縁,回避型の彼いわく「今までの元カノと復縁しなかったのは、別れて半年後とかに連絡がきたから。その頃にはもう過去の恋になってた。(私)ちゃんと復縁したのは、たくさん連絡してくれたから」らしい。1ヶ月くらいの冷却期間はありだけど、それ以上だと『戻る理由』が少しずつ消えてくから気をつけてね。,2月1日,,3月21日
https://x.com/momo_fukuen/status/2017963696736395279,53,2,2756,もも｜回避型彼氏と復縁,復縁できた子たちって「今日連絡してみよっと！無視されたら次の作戦考える」って感じで軽く連絡してる。1回ダメでも諦めない。復縁の分かれ道は、自分でチャンスを作れるかどうかってことだよね。やっぱり行動した人が幸せをつかめるし、そういう人に運も味方するんだと思う。,2月1日,,3月21日
https://x.com/momo_fukuen/status/2017879090632785971,60,0,6956,もも｜回避型彼氏と復縁,回避型は、プライドが折れた瞬間に「もう戻れない」「また傷つくのが怖い」って固まってしまう。だからこそ、プライドを傷つけず上手にくすぐる関わり方ができたら復縁はイージーモードになる。男のプライドってめんどうだけど、逆にそこをくすぐるだけで復縁は一気に近づくんだなってわかった。,2月1日,,3月21日
https://x.com/momo_fukuen/status/2017803621178708442,33,0,5941,もも｜回避型彼氏と復縁,期待させちゃうかも」「直接会ったら話し合いになるかも」って考えて逃げたくなる。「そろそろご飯行かない？」って誘っても既読無視や「忙しい」で逃げるのはそれが理由。『会いたい気持ちはあるけど、心の準備ができてない』のが本音。でもね、そこから抜け出す方法がひとつだけある。それは、,2月1日,,3月21日
https://x.com/momo_fukuen/status/2017522525539115229,243,8,17312,もも｜回避型彼氏と復縁,何度でも言うけど、復縁って奇跡でも運でもなく実現可能なことだよ。だって元々は両思いで自分の魅力が相手に刺さってたってことだから。ただの片思いより全然可能性ある。私も不安ぶつけて自爆して振られたのに復縁できた。行動次第で彼との未来を取り戻せるから、今頑張ってる人たちは絶対大丈夫。,1月31日,,3月21日
https://x.com/momo_fukuen/status/2017567080695140553,70,1,8495,もも｜回避型彼氏と復縁,『自分のせいで好きな子が不安そうにしてると男はかなり傷つく』ってことこのとき冷却期間をとりすぎると復縁が遠ざかる。気持ちが冷めた普通の男性には長い冷却期間が必要。でも『好きだけど別れる』を選んだ回避型は放置するほど「別れて正解だった」って気持ちが強くなるから。本当に必要なのは、,1月31日,,3月21日
https://x.com/momo_fukuen/status/2017567078061117921,478,19,62461,もも｜回避型彼氏と復縁,回避型が「別れよう」って言い出すときは気持ちが冷めてない。むしろその逆で、好きな子を幸せにできない自分に嫌気がさして離れようとする。「俺と付き合ってるせいで不安にさせてる」って罪悪感で身を引くのが回避型。私が振られた原因も彼の自信をへし折ったからだった。復縁してわかったのは、,1月31日,,3月21日
https://x.com/momo_fukuen/status/2017605330944069668,95,1,7587,もも｜回避型彼氏と復縁,「元彼への未練」が完全に吹っ切れるのって周りに反対されたり元彼に女の影が見えたときじゃない。気が済むまで大好きでいて『できること全部やった』って思えたときだよ。私もこのままだと後悔すると思って動いた。やらない後悔よりやる後悔。自分のために全力でやりきった人はちゃんと幸せになれる。,1月31日,,3月21日
https://x.com/8_ludr7/status/2034980609907728433,20,0,2715,シン｜回避型元彼の心理,基本的に元カノを忘れる男はいないです。特に回避型はその傾向が強くて、気持ちを整理するのが苦手なぶん、思い出を中途半端に残したまま抱え続けることが多い。僕もそうだったけど、別れた直後はスッキリした気がしても、時間が経つほど「あの時こうすればよかったな」とか「,3月20日,,3月21日
https://x.com/reuni10v/status/2034990729475629218,20,1,4321,ななせまる｜元彼視点・心理,復縁したいのにうまくいかない人、だいたい同じミスしてる。「連絡取れてるから大丈夫」「嫌われてないからまだいける」って思って、そのままの関係を続けてる。でもそれ、男からすると“何もしなくても離れない人”になってるだけ。あなたがうまくいってない原因はシンプルで、,3月20日,,3月21日
https://x.com/1o_yyb/status/2034903673835573401,38,0,5743,凪｜回避型男の本音,これ回避型の男あるあるなんですが、別れた時ってめちゃくちゃ感情が色々ごちゃ混ぜになって何も思わないフリにしちゃうんですよね。自分が幸せにできないと思ってしまって、別れを選ぶのって実はすごい複雑で頭の中が完全にショートしちゃってる感じです。,3月20日,,3月21日
https://x.com/1o_yyb/status/2034818297359999472,93,3,9981,凪｜回避型男の本音,回避型の男って、好きな相手ほど『連絡を返せなくなる』という最悪のクセがある。冷めたからじゃなくて、返した瞬間に関係がまた動き出すのが怖い、期待に応えられないのが怖い、それで黙る。僕も別れたあと元カノからLINEが来るたびに既読だけつけて,3月20日,,3月21日
https://x.com/1o_yyb/status/2034794587672518757,59,4,9785,凪｜回避型男の本音,これは間違いない。基本的に本当に元カノが嫌いとかなら絶対に関われなくするんだよね。既読スルーしたり未読にわざとするのは、忘れられないし未練があるから。僕もそうだったからわかるけど、振った側は自分で「別れる」という選択したからこそ「本当によかったのかな」という迷いが残ってる。,3月20日,,3月21日
https://x.com/1o_yyb/status/2034744974181638385,23,0,1262,凪｜回避型男の本音,既読無視されても復縁できないわけじゃない。男性って感情が混乱したときに一度連絡を止めることで心を整えようとするんだよね。でもその間も相手のことはちゃんと考えている。焦って追うより、静かに日常を続けている姿を見せる方が戻りたい相手に変わっていく。無視は拒絶じゃなくただの一時停止。,3月20日,,3月21日
https://x.com/1o_yyb/status/2034595705881534472,47,0,7155,凪｜回避型男の本音,これ誤解されがちだけど、回避型の男は別れた直後に冷めてるわけじゃない。むしろ感情を感じないようにしてるだけ。関係が深くなった分だけ一気に感情を遮断して、自分を落ち着かせようとするんですよね。だから別れた直後にあっさりして見えるのは「平気だから」じゃなくて、,3月19日,,3月21日
https://x.com/1o_yyb/status/2034454543795417123,51,1,5883,凪｜回避型男の本音,振った回避型の心理って実は冷たいんじゃなくてめっちゃ心が弱い。強く見せたいのに気持ちに耐えられなくて、距離を取ることで自分を守ってるだけなんですよね。関係が深くなるほど「ちゃんと向き合えるのか」「傷つけてしまわないか」って不安が大きくなって、,3月19日,,3月21日
https://x.com/1o_yyb/status/2034378559616340296,72,2,4595,凪｜回避型男の本音,回避型って「傷つけた側」なのに、いつまでもその罪悪感を引きずって動けなくなることがある。僕も振ったあとに思い出すのは後悔ばかりだった。なのに、今さら自分から連絡する資格ないと思って距離を置き続けた。動かない彼が冷たいんじゃなく、不器用なまま止まってるだけの可能性もあるんですよね。,3月19日,,3月21日
https://x.com/1o_yyb/status/2034256505721987429,75,0,8768,凪｜回避型男の本音,復縁するために一番やってはいけないのは「元に戻りたい」「話したい」と焦って行動するLINE。僕も経験があるけど、回避型の男は追われてると感じた瞬間に心のドアを閉めてしまう。復縁って押すことじゃなく、安心を残すこと。元彼の心を動かすのは言葉よりも、何も言わない強さだったりしますよ。,3月18日,,3月21日
https://x.com/1o_yyb/status/2034210609836024226,36,0,5223,凪｜回避型男の本音,これ補足すると、回避型の彼に気持ちをぶつけたくなる気持ちはすごくわかる。でもそれをやるたびに彼の中の怖さが一段階上がって、戻るまでの時間が長くなってしまう。僕も実際そうだった。気持ちを伝えたい衝動をぐっと抑えて安心感を作れた人が最終的に選ばれる。それが回避型の攻略法です,3月18日,,3月21日
https://x.com/1o_yyb/status/2034090901723877885,60,1,15404,凪｜回避型男の本音,回避型の男が既読無視する理由って、冷めたからじゃなくて『返した瞬間にまた向き合わなきゃいけなくなるのが怖いから』なんです。本音を言えば、気持ちが残ってる相手ほど返信が重く感じるし、だからこそ動けなくなってしまう。僕も別れた直後、元カノからLINEが来るたびに既読だけつけて,3月18日,,3月21日
https://x.com/1o_yyb/status/2033903122264035541,32,0,2551,凪｜回避型男の本音,男が恋を終わらせたがるときって、気持ちが冷めたんじゃなく自分を保てなくなったときなんです。これ女性からするとすごく理解しにくいと思うんだけど、男って感情的に追い詰められると相手を遠ざけることで自分を守ろうとする生き物で、特に回避型はその傾向が極端に強い。好きな気持ちはあるのに、,3月17日,,3月21日
https://x.com/1o_yyb/status/2033867383107154001,43,2,6239,凪｜回避型男の本音,回避型の男が元カノの連絡を既読無視するのは当たり前。でもこれ嫌いだからじゃないんですよ。回避型って、気持ちがある相手ほど「返したら何か求められるかも」って無意識にブレーキがかかってしまう。どうでもいい相手には普通に返せるのに、意識してる大事な人には,3月17日,,3月21日
https://x.com/1o_yyb/status/2033535092908552395,1064,64,318801,凪｜回避型男の本音,ちょっと本音を言うと「好きだけど一緒にいられない」とか「俺じゃ幸せにできない」と言って振られた人って、彼が回避型だった可能性がかなり高い。この言葉、その通りに受け取ると「気持ちはあるけど終わり」に聞こえるんだけど、男目線から言わせてもらうと全然そういう意味じゃないんですよね。これ,3月16日,,3月21日
https://x.com/1o_yyb/status/2033730888144720028,77,2,32485,凪｜回避型男の本音,これは言い切れるけど、回避型の元彼は別れた女性のことを簡単に切れない。返信が来ないのも嫌いだからじゃなくて、返した瞬間にまた関係が動くのが怖いだけ。だからあなたが「送るのも怖いし送らないのも終わりそうで怖い」ってなるのは当然で、むしろそこまで悩んでるってことは彼もまだ同じくらい,3月17日,,3月21日
https://x.com/gerakodayo315/status/2033705110732476772,25,1,5164,ゲラ女,"ほんまにこれやった。付き合ってるときも何かあったら一週間連絡来ないときあったし、何気なく言った言葉に傷つかれたりしてたし、関係性深くない中踏み込んでしまって嫌がられたり笑
めちゃ優しかったけど、やっぱり回避型ぽいなー回避型難易度高いよ",3月17日,,3月21日
https://x.com/1o_yyb/status/2033500630862688399,22,0,2820,凪｜回避型男の本音,断言するけど、男って元カノを嫌いになったから連絡を返さないわけじゃないです。むしろ気まずさが強くてどう返せばいいか分からず、結果的に無視みたいな形になることがある。特に回避型の男は、関係をどう扱えばいいか分からなくなると一度距離を取ってしまうタイプです。僕もそうで、,3月16日,,3月21日
https://x.com/1o_yyb/status/2033361242119971197,169,5,35128,凪｜回避型男の本音,男性は気持ちが冷めた相手にはそもそも迷いなく距離を置くんだけど、本気で好きな元カノには『脈なしみたいな態度』をわざと取ってしまうことがあるんです。僕自身も好きじゃなくなったわけじゃないのに、連絡を返さなかったり、そっけない態度を取ったりしたこともある。こういう行動を取る理由って、,3月16日,,3月21日
https://x.com/1o_yyb/status/2033437861127626799,34,0,6741,凪｜回避型男の本音,回避型との関係でよく起きる問題は「距離を置く＝何もしない」と極端に捉えること。完全に消えると彼の中で関係が静かに終わることもあるし、逆に不安から動きすぎるとプレッシャーになる。僕もだけど、安心はあるけど干渉されない距離が一番いい。復縁って感情よりこの距離の作り方で結果が変わる。,3月16日,,3月21日
https://x.com/1o_yyb/status/2033293912602038275,129,2,13154,凪｜回避型男の本音,回避型の男って、別れ際ほど感情をシャットダウンします。僕も「もう無理だから」って言ったけど、心の中はそれどころじゃなかった。言葉を選ぶ余裕もないしうまく説明する自信もない。だから元彼の冷たさは、嫌いになったサインじゃなく「これ以上感情に巻き込まれたくない」という防衛だったりする。,3月16日,,3月21日
https://x.com/1o_yyb/status/2033361243575287853,23,0,4953,凪｜回避型男の本音,また近づいたときに「期待に応えられなかったらどうしよう」という怖さが先に来てしまうから。でも彼が冷たくなったタイミングって、実は気持ちが冷めた瞬間じゃなく、大事にしたいからこそ慎重になってたりする。それを「もう終わりのサイン」として受け取ってしまうとまだ可能性があった関係を,3月16日,,3月21日
https://x.com/1o_yyb/status/2033184944793469440,43,0,2925,凪｜回避型男の本音,回避型との復縁が難しいって言われがちだけど、実は「冷たい人だから」じゃないんです。ただ、心の動きが分かりにくいだけ。回避型は気持ちが強くなるほど一度止まらないとしんどくなる。だから沈黙や距離は終わりじゃなく、落ち着くための時間。この仕組みを知るだけで見えてる景色はかなり変わる。,3月15日,,3月21日
https://x.com/1o_yyb/status/2033112766370947415,26,0,3976,凪｜回避型男の本音,これ補足すると、回避型が既読無視するのって相手への関心が薄いからじゃなく、返した瞬間に関係が動き出すのが怖いから。僕も元カノのLINEを既読してから逆に考えすぎて返せなかった。気持ちがあるほど慎重になる。だから既読無視されてる今が一番気持ちが残ってる時期だったりしますからね。,3月15日,,3月21日
https://x.com/1o_yyb/status/2032944107824549898,21,0,1296,凪｜回避型男の本音,"男が別れた後、元カノを思い出す瞬間

・一人で夜を過ごしてるとき
・楽しいはずなのに虚しくなったとき
・体調を崩したとき
・新しい出会いがしっくりこないとき
・元カノが連絡してこなくなった時

男は別れた瞬間より「もう自分がいなくても大丈夫そう」と気づいたときに一番心が揺れる。",3月15日,,3月21日
https://x.com/1o_yyb/status/2032775658145984555,70,1,10517,凪｜回避型男の本音,意外だと思うけど、男って元カノが大好きなんですよ。特に回避型は一度付き合った相手を簡単に嫌いになれない人が多い。むしろ関係が深くなった分、離れたあとも頭のどこかに残り続ける。僕も別れてすぐはスッキリした気でいたのに時間が経つほど元カノの優しさや安心感ばかり思い出していました。ただ,3月14日,,3月21日
https://x.com/1o_yyb/status/2032768907401114092,20,0,3666,凪｜回避型男の本音,これ気をつけて欲しいんですが「怖くて離れた」ということを知らないと追い詰める形になってる可能性も高いです。男側からすると、距離を取ったあとに関係を戻そうと強く迫られると「やっぱり無理かも」と,3月14日,,3月21日
https://x.com/1o_yyb/status/2032417234329690391,106,2,12567,凪｜回避型男の本音,女性の冷めは本当に戻らない。でも男の「無理」は単なる逃避がほとんどです。特に回避型の男は、感情が大きくなるほど一度距離を取ろうとするタイプなんですよね。向き合う怖さや自信のなさから「離れる」という選択をしてしまうことがある。僕も別れた直後は,3月13日,,3月21日
https://x.com/1o_yyb/status/2032378478813987045,65,1,13131,凪｜回避型男の本音,ちなみに無視してるというより、まだ自分の中で答えが出てないから止まってる状態に近いです。男って一度返信すると関係がまた動き出すのが分かってるから、中途半端な気持ちのまま返すのが怖くなる。僕も別れた後に彼女からのLINEが沢山来てて「無視してるのは申し訳ない」と思ってたし、,3月13日,,3月21日
https://x.com/1o_yyb/status/2032078151895961869,36,0,2714,凪｜回避型男の本音,回避型の男の冷たさって、気持ちが冷めたからじゃなくて感情の処理を止めてしまってるだけ。僕も別れ話のとき平気なフリしてたけど、実は頭が真っ白で何も感じられなかった。あの冷たさは「もう無理」じゃなくて「どうしていいか分からない」だったので、冷たくされてもあまり気にしなくていいです。,3月12日,,3月21日
https://x.com/1o_yyb/status/2032055670183444810,57,1,19333,凪｜回避型男の本音,正直言うと、男が元カノに返信しないときって「もう気持ちがないから」じゃない。むしろ本気で好きだった相手ほどどう返せばいいか迷って無視してる。男って感情をうまく扱えない生き物で、未練があるほど関係を壊すのが怖くなるんですよね。僕も返信を考えすぎて結局時間が空いてしまった。男は,3月12日,,3月21日
https://x.com/1o_yyb/status/2032006120647377227,73,2,14807,凪｜回避型男の本音,回避型って嫌いになったから別れるというより「このまま続けたら相手を傷つけるかもしれない」「期待に応えられないかもしれない」って怖さで距離を取ることが多い。僕もそうだったけど、気持ちがなくなったというより余裕がなくなったから別れようとしたんだよね。そこからやり直せたりするから、,3月12日,,3月21日
https://x.com/1o_yyb/status/2031915404348833798,67,2,7611,凪｜回避型男の本音,断言できるけど男って別れた直後は自由になった気がしても、時間が経つと必ず虚しさが来る。僕も友達と騒いでても心は満たされず、家に帰ったときに急に静かになって「なんで別れたんだろう」と考えるようになった。そして結局「本当に欲しかったのは彼女との時間」だったと気づく。どんな別れ方でも,3月12日,,3月21日
https://x.com/1o_yyb/status/2031741684997111863,78,2,4226,凪｜回避型男の本音,男は「自分から逃げた相手」のことを一番長く考え続ける傾向がある。結局、一度自分の判断で関係を終わらせてその決断が正しかったのかをずっと頭のどこかで検証し続けるから。だから表では平気そうでも時間が経つほど元カノのことを思い出す男は普通に多いから、忘れられる心配はないよ。,3月11日,,3月21日
https://x.com/1o_yyb/status/2031658442658914360,30,2,3952,凪｜回避型男の本音,,3月11日,,3月21日
https://x.com/1o_yyb/status/2031370489302532239,63,1,4296,凪｜回避型男の本音,意外だと思うけど、回避型の男が別れを切り出すときって「自分がダメだと思った」が多い。僕自身、彼女の想いの深さに耐えられず逃げました。でも逃げたからといって気持ちまで消えるわけじゃない。時間が経ってから後悔や未練が出てくることも普通にある。沈黙が続いていても可能性は残ってるよ。,3月10日,,3月21日
https://x.com/1o_yyb/status/2031333606879347178,45,0,8084,凪｜回避型男の本音,よく「復縁は相手に縋らないことが大事」と聞くけど、好きな人に縋るなと言われても無理じゃないですか？本当に好きなら連絡したくなるし、どうにか繋がっていたいと思うのは普通ですよね。ただ、復縁が進展しない時って「気持ちの強さ」が足りないわけじゃなくて、,3月10日,,3月21日
https://x.com/1o_yyb/status/2031191029395894545,72,1,10622,凪｜回避型男の本音,男の心が戻るタイミングは『他の女性と比べて初めて大切さに気づいた相手』に気づいたとき。男って別れた直後は意外と平気そうに見えるけど、それは解放感やプライドが勝ってるだけで、時間が経つと安心できた彼女の存在を思い出し、恋しくなることがあります。ちょっとこれは,3月10日,,3月21日
https://x.com/1o_yyb/status/2031014895936835692,27,2,2993,凪｜回避型男の本音,男って感情が整理できていない時ほど「何もしない」を選びがち。特に回避型は、連絡すれば関係がまた動き出すことを分かっているからこそ慎重になる。だから既読無視＝無関心とは限らない。むしろ「どう向き合えばいいか分からない相手」ほど、下手に触れずに時間を置こうとする男は普通にいる。,3月9日,,3月21日
https://x.com/1o_yyb/status/2030965874744869054,43,1,10428,凪｜回避型男の本音,信じられないと思うけど、男って平気で元カノの連絡を無視する人が多い。でもそれは冷めたからじゃなく『何を返しても正解がない』と感じてるから。特に回避型の男は相手を傷つけたくない気持ちと、自分を守りたい気持ちの間で立ち止まる。僕もそうで返した瞬間にまた期待させてしまうかもしれない、,3月9日,,3月21日
https://x.com/1o_yyb/status/2030756191165452749,34,0,2023,凪｜回避型男の本音,「距離を取る男は冷めてる」と思われがちだけど、回避型の場合は全く違う。僕は感情が大きくなるほど逃げて、受け止めきれなくて止まってた。心が不器用だから、近づかれると自分が壊れそうに感じる。だからこそ追いすぎず、安心できる距離感の関係は復縁しやすいんですよね。,3月9日,,3月21日
https://x.com/1o_yyb/status/2030572793964691492,27,0,4949,凪｜回避型男の本音,,3月8日,,3月21日
https://x.com/1o_yyb/status/2030605206019559639,71,3,9014,凪｜回避型男の本音,振った側の男にはプライドと責任感があるから未練があっても簡単には「戻りたい」と言えないんだよね。自分で別れを選んだ以上、「やっぱり戻りたい」と言うのは自分の判断を否定することになるし、また傷つけるかもしれない責任も感じる。だから本当は気になっていても平気そうに距離を取ったまま,3月8日,,3月21日
https://x.com/1o_yyb/status/2030517443102375987,69,1,9605,凪｜回避型男の本音,回避型ってめちゃくちゃ自己肯定感低いし、自分に自信ないので「俺なんかいない方が幸せなんじゃね？」って思うことが多いです。それにプラス頑固なのでなかなか曲げずに別れを選択してしまうっていうカップルはかなりいますが、こういう別れ方であれば復縁の可能性はかなり高いから安心して。,3月8日,,3月21日
https://x.com/1o_yyb/status/2030282570861015396,45,1,2578,凪｜回避型男の本音,男って単純で、別れた相手でも心のどこかに残し続ける。回避型ならなおさら、好きなのに自分を守るために離れることがある。だから別れが気持ちのゼロを意味するわけじゃない。時間が経つほど「もう一度話したい」と思う人は多い。今動いていないように見えても彼の中では気持ちが動いてるから大丈夫。,3月7日,,3月21日
https://x.com/1o_yyb/status/2030254317446521070,43,1,6230,凪｜回避型男の本音,これは間違いない。別れた直後は解放感とか正当化で頭いっぱいなんだけど、落ち着いた頃にふと元カノの存在が浮かぶ。男って「完全に忘れる」より「思い出す回数が減るだけ」で消えないんですよね。だから沈黙＝終わりと決めつけなくていい。時間が経つほど「あの安心感は特別だった」と気づくよ。,3月7日,,3月21日
https://x.com/1o_yyb/status/2030103536030339554,71,1,10020,凪｜回避型男の本音,振った側だからわかること→男が元カノと距離を置く理由の大半は嫌悪じゃなくて回避。女性からすると「嫌われたから距離を取られてる」と思いやすいけど、男側は気まずさや感情の整理ができなくて避けてるだけのことも多いんですよね。特に回避型は,3月7日,,3月21日
https://x.com/1o_yyb/status/2029876191566676434,24,0,2013,凪｜回避型男の本音,回避型の男って、連絡を返さない＝気持ちがないじゃないんですよね。むしろ気持ちがあるからこそ返信できなくなることがある。男って強がりなので、本当は感情が残っていても平気なフリをして距離を取ることがあるんです。本当は気まずさやプライドで動けないだけなのにそれを知らないと,3月6日,,3月21日
https://x.com/1o_yyb/status/2029740474379244017,62,1,12609,凪｜回避型男の本音,これ本当に最低なんだけど、回避型って追ってきてくれるうちは安心して逃げるんですよね。だから、忘れられるのが怖くて連絡したり、SNSで反応を狙ったりしてしまうと、それが逆に「まだ自分のこと好きなんだな」って安心材料になる。僕もそうで、彼女が諦めずに連絡してくれてる間は、,3月6日,,3月21日
https://x.com/1o_yyb/status/2029740476103110700,20,0,2119,凪｜回避型男の本音,ちゃんと向き合おうなんて思えなかった。でも彼女が何もしてこなくなった瞬間、焦りが一気に押し寄せた。初めて『もう本当に失ったかもしれない』って実感したんです。回避型の男って追われてるうちは気づかないけど追われなくなった瞬間に未練が膨らむ。多くの人がここを知らずに、,3月6日,,3月21日
https://x.com/1o_yyb/status/2029484861619392522,172,5,21910,凪｜回避型男の本音,,3月5日,,3月21日
https://x.com/1o_yyb/status/2029125428569620765,84,4,11559,凪｜回避型男の本音,,3月4日,,3月21日
https://x.com/1o_yyb/status/2029515225414914400,95,1,15978,凪｜回避型男の本音,復縁したい人は聞いて。男は元カノに「申し訳なさ」でLINEを返してることもあるので、連絡の回数だけで好意を測るのは危険。男性って優しさや罪悪感で返信することがあるんですよね。だからやり取りが続いているからといって気持ちが戻っているとは限らない。でも逆に言えば、,3月5日,,3月21日
https://x.com/1o_yyb/status/2029490853601738809,65,0,4822,凪｜回避型男の本音,これ知らないと思うけど、回避型の男は感情に耐えられなかった自分を責めてる。でもそこに『ちゃんと向き合ってほしい』って正論で迫られると、二度と向き合おうとしなくなるんです。言葉で押すより『あなたのペースは尊重するよ』って態度のほうが響く。逃げた理由を理解されると戻る準備を始める。,3月5日,,3月21日
https://x.com/1o_yyb/status/2029378775339970917,69,1,9442,凪｜回避型男の本音,僕が本気で別れたことを後悔したのって、彼女が連絡も何もしてこなくなって音沙汰がなくなって少ししてからだった。男って別れた直後は強がれるけど、時間が経つと記憶を都合よく編集してうまくいかなかった理由より「一緒にいて落ち着いた時間」を思い出す。僕もまさにそうでしばらくしてから元カノの,3月5日,,3月21日
https://x.com/1o_yyb/status/2029313182846816579,51,0,3020,凪｜回避型男の本音,回避型の男が離れる時って、本音ではまだ未練が残ってることが多い。むしろ愛されるほど「自分には重すぎる」と感じて逃げてしまう。だけど時間が経つほどその優しさや安心感を思い出す。追われると逃げる男でも、安心を思い出すと自分から戻りたくなる。強いのは感情より心が休まる相手なんです。,3月5日,,3月21日
https://x.com/1o_yyb/status/2029155216684401065,44,0,6964,凪｜回避型男の本音,男性って「追われると逃げたい」と思う生き物なんですが、特に回避型の男にとっての安心って「自分の領域に踏み込まれないこと」がすべてなんです。確かに彼の心理を理解しようとすることはめちゃくちゃ大事。でもそこに「理解してあげたい」という執着を彼の方が感じ取ってしまった瞬間、,3月4日,,3月21日
https://x.com/1o_yyb/status/2029194148234797534,60,4,5711,凪｜回避型男の本音,男は本気でどうでもよくなった相手のLINEを消そうなんて思わない。回避型がブロックや削除を選ぶとき、それはむしろ強い感情を押し込めるための手段。あのまま連絡が来たら、自分が揺らぐのが分かってるからこそ先に遮断する。だからLINEの遮断は終わりじゃなく『心がまだ揺れている証』です。,3月4日,,3月21日
https://x.com/1o_yyb/status/2028946265447514576,57,0,4430,凪｜回避型男の本音,振った側で後から復縁した僕の本音を言うと、既読無視が続いてる時は一定の沈黙が必要。でも沈黙＝正解でもない。僕が戻りたくなったのは彼女が回避型の僕の心の動きを分かってくれたと感じた瞬間。時間より安全に感じる距離が刺さる。復縁が早いのは冷却期間より心理理解ができて距離感が保てる人。,3月4日,,3月21日
https://x.com/1o_yyb/status/2029016929059676293,61,2,10221,凪｜回避型男の本音,既読無視や未読無視をされるともう関わる気がないのかもって思ってしまうのは当然。でも男って返信しない＝気持ちがない、じゃないんですよね。特に回避型は感情が強いほど「返した瞬間に関係が動くのが怖い」と感じて黙ることが多いんです。僕も元カノに既読無視してしまった時期があって、,3月4日,,3月21日
https://x.com/1o_yyb/status/2029114121111646535,64,0,4298,凪｜回避型男の本音,本当のことを言うと『尽くしてくれた人を手放した男』って後悔してること多いです。特に回避型は関係の中で『申し訳なさ』を溜め込んで、自分から離れることがある。でもバカだから離れた後に『本当に大切だったかも』と気づく。優しさや安心感って距離ができて初めて重みを持つこともある。,3月4日,,3月21日
https://x.com/1o_yyb/status/2028756926419648893,49,1,7387,凪｜回避型男の本音,,3月3日,,3月21日
https://x.com/1o_yyb/status/2028839562194330071,50,1,2570,凪｜回避型男の本音,復縁を目指してる中で「彼の心理を知ろう」とするその姿勢はすごいと思う。多くの人は諦めたり感情をぶつけたりして終わらせてしまう。でもあなたはどうすればちゃんと向き合えるかを学んでる。その積み重ねが元彼にとって一番居心地のいい存在を作るし、理解しようとする人が最後に愛されるんだよね。,3月3日,,3月21日
https://x.com/1o_yyb/status/2028727322631946321,37,1,3161,凪｜回避型男の本音,回避型の男は愛されると逃げるように見えるけど、それは嫌いになったからじゃない。期待に応えられない自分が怖いだけ。僕も「好き」と言われるほど自信を失って距離を取った。でも追われなくなった時、初めて“戻りたい”と思えた。安心できる女性にだけ回避型は心を再び開くようになるんだよね。,3月3日,,3月21日
https://x.com/1o_yyb/status/2028652522672685426,119,4,15876,凪｜回避型男の本音,回避型の男って愛されることにマジで慣れてない。だから、どれだけ真っ直ぐに気持ちを伝えても、なぜか彼には「重荷」や「プレッシャー」として届いて、結果的に距離を置かれてしまう。僕も回避型なのでよく分かるのですが、深い愛情を向けられるほど「それに応えられない自分」が情けなくなって、,3月3日,,3月21日
https://x.com/1o_yyb/status/2032277639977902293,27,0,5059,凪｜回避型男の本音,これは僕の意見でしかありませんが、復縁に「冷却期間や自分磨きは必要」と言われることって多いですよね。でも男側からすると、そこが本質じゃないことも多いんです。そもそも男女で恋愛の考え方が違うし、回避型になると普通の恋愛のセオリーがあまり通用しない。僕も,3月13日,,3月21日
https://x.com/1o_yyb/status/2028579096079310850,39,0,3092,凪｜回避型男の本音,復縁が早い人ほど、回避型の男にとって心地いい距離を理解してる。押さない、でも完全に消えない。追わない安心感と消えない存在感の両方が回避型には刺さる。冷却期間に頼るよりこのバランスを作る方が動きが早い。彼が戻りたくなる流れは心理を理解した上での距離感で決まりますからね。,3月3日,,3月21日
https://x.com/1o_yyb/status/2028463333205012845,37,2,3152,凪｜回避型男の本音,これは僕の持論だけど、回避型と復縁したいなら無理に自分を変えるより回避型の心理に沿った関わり方を知る方が圧倒的に近道。彼が今どんな状態で、何が重くて、何が安心につながるのかが分かるだけで不安が一気に減る。結果的に余裕が生まれてそれが一番の自分磨きになりますからね。,3月2日,,3月21日
https://x.com/1o_yyb/status/2028426978404261988,90,1,11593,凪｜回避型男の本音,男って沈黙してる時ほど未練があって、本音を隠してるんですよね。気持ちがある相手ほどどう向き合えばいいか分からなくなり、距離を置くしかなくなる。僕も冷却期間中は返事をしなかったけど、元カノのことを考えなくなった日は一度もなかったです。ただ返した瞬間に関係が動くのが怖くて,3月2日,,3月21日
https://x.com/1o_yyb/status/2028412498576114015,42,1,3239,凪｜回避型男の本音,自分から別れを決めた男ほど、その選択の責任を背負い続けて後から苦しむことが多い。僕もその瞬間は「これで正しい」と思い込んでいたけど、時間が経つほど胸の奥に後悔が積もっていった。振った側って一見スッキリしてるように見えて、本当は自分の決断に縛られながら過ごしてるんですよね。,3月2日,,3月21日
https://x.com/1o_yyb/status/2028025950789898332,111,3,8437,凪｜回避型男の本音,回避型って本気で好きになった相手ほど手放すというおかしな選択をすることがあります。僕も気持ちは強かったのに、その深さに自分が追いつけなくて逃げたことがある。でもそれは愛情不足じゃなく自信不足の問題なので、あえて元彼と距離を置くことが逆に復縁のきっかけになったりしますからね。,3月1日,,3月21日
https://x.com/1o_yyb/status/2028286180039778665,78,1,9708,凪｜回避型男の本音,断言するけど、回避型の男は嫌いになって離れるんじゃなく、好きだから離れることが圧倒的に多いんですよね。男って好きな相手ほど失望させたくないし、向き合う自信がないと距離を取ってしまう。だから沈黙が続いてもそれが嫌いのサインとは限りません。むしろ,3月2日,,3月21日
https://x.com/1o_yyb/status/2028065020152828344,73,2,9635,凪｜回避型男の本音,回避型の男性が連絡を絶つ理由って、決して「気持ちがなくなったから」ではないんです。むしろ逆で、感情が強くなりすぎたときほど彼らは自分の中の感情にどう向き合えばいいのかわからなくなってしまう。その結果、「返せない」「向き合えない」「関わる資格なんてない」と思い込んで、,3月1日,,3月21日
https://x.com/1o_yyb/status/2027965866814673196,31,1,5848,凪｜回避型男の本音,ちょっと補足。回避型の沈黙って誤解されやすいけど、あれは関係を切りたいサインじゃなくて「この距離なら自分を保てる」という一時避難なんです。僕も距離があるほうが安心して彼女を思い出せて気持ち的な余裕を取り戻せた。だから沈黙中に焦って動くより彼が戻りやすい距離感を保つのがいいですよ。,3月1日,,3月21日
https://x.com/1o_yyb/status/2027856333085511910,100,6,8198,凪｜回避型男の本音,これだけは知っておいて。回避型が離れるのは「これ以上一緒にいたら君を壊してしまう」って本気でビビった時です。尽くしてくれた彼女を振った後、男は自分の器の小ささに後から気づいて凹む。女性が注いだ愛情は、今もその彼の中で「かけがえのない価値」として残ってるから自分を否定しなくてOK。,3月1日,,3月21日
https://x.com/1o_yyb/status/2027928319598198925,57,1,9506,凪｜回避型男の本音,マジで正直に言うと、男って元カノに「重い」と感じてもその印象はずっと続かない。時間が経つほど、あの時は自分に余裕がなかっただけだって気づく。回避型は距離を置いてる間に気持ちを整理するから、元カノの重さだけで未来が決まるなんてまずない。僕も追われてる時は逃げたけど、,3月1日,,3月21日
https://x.com/1o_yyb/status/2027674887578423570,42,1,3163,凪｜回避型男の本音,僕自身、元カノに対して未練や後悔が強いほど既読スルーをしてた。でも距離を置いた瞬間にどれだけ彼女が特別だったか分かることが多かったんですよね。だから既読無視されてても大丈夫。回避型は正しい距離の置き方ができる相手に心を開き直す。心理に沿った動き方ができれば復縁は難しくない。,2月28日,,3月21日
https://x.com/1o_yyb/status/2027564777720230183,58,1,7462,凪｜回避型男の本音,回避型は女々しい男が多いので、LINEを返せないときほど気持ちがないんじゃなくて『どう返せば傷つけないか』をこっそり悩んで止まってしまうんですよね。距離を置くと冷めたと思われがちだけど、回避型はむしろ距離がないと気持ちを整理できないタイプなんです,2月28日,,3月21日
https://x.com/1o_yyb/status/2027381957617647804,65,2,6079,凪｜回避型男の本音,これ知らないかもしれませんが「追ってこない元カノ」って気になる存在になります。ずっと追われてたのに、ある日を境に音沙汰がなくなった瞬間から頭の中で存在が大きくなる。逃げてたくせに終わったことが怖くなる。だから回避型の彼を揺らしたいなら、あえて無関心を貫くのが一番効果的です。,2月27日,,3月21日
https://x.com/1o_yyb/status/2027361700526342602,30,2,5174,凪｜回避型男の本音,これはほんとそうで、回避型って嫌いだから黙るんじゃなくて少し距離があった方が安心できる。僕も連絡無視してた時期は追われると苦しくなる一方で、何も求められなくなったら逆に未練を感じるようになった。静かに見守ってくれる存在は忘れられないし復縁したくなるんだよね。,2月27日,,3月21日
https://x.com/1o_yyb/status/2027499985223237673,62,2,4227,凪｜回避型男の本音,無視されてるのにブロックされない…それは「もう関わる気がない」じゃなく「繋がりを残しておきたい」が勝ってる状態です。回避型の男は気持ちがあると動けなくなるけど、同時に失うこともできない。返せないけど消せないというこの曖昧さは、未練がまだ静かに残っているからこそ起きる反応なんです。,2月28日,,3月21日
https://x.com/1o_yyb/status/2027313506392125624,45,3,3393,凪｜回避型男の本音,復縁した今だから言えるけど、正直彼女の優しさは当時うまく受け取れなかった。でも離れてからも、彼女がしてくれたこと全部覚えてたし、ふとした瞬間に思い出してた。男って自分の感情に鈍感でそれを認めるのに時間がかかる。だから今、彼に響いてないように見えてもその想いはちゃんと届いてるよ。,2月27日,,3月21日
https://x.com/1o_yyb/status/2027338799890747533,22,0,3241,凪｜回避型男の本音,,2月27日,,3月21日
https://x.com/1o_yyb/status/2027204405553225856,70,0,8666,凪｜回避型男の本音,男って本気で好きな元カノのことはなかなか忘れられない。それは距離があっても気持ちは案外残っていて、特に回避型は離れている間に「やっぱり大事だったな」と後から気づく。僕も別れた後は平気なふりをしてたけど、心の中では元カノとの時間がずっと引っかかっていました。ただ、,2月27日,,3月21日
https://x.com/1o_yyb/status/2026954642098126936,62,0,5994,凪｜回避型男の本音,回避型って自分から離れても「戻れる場所はある」とどこかで思ってる。追いかけられなくなるまでは未練に気づかない。だから連絡しない・あえて引くって彼にとってはじわじわ効いてくる恐怖になる。想われてる前提が崩れたとき、初めて焦りが芽生える。静かに離れる選択は回避型にとって一番残ります。,2月26日,,3月21日
https://x.com/1o_yyb/status/2026842255907238274,85,4,12623,凪｜回避型男の本音,回避型は基本的に寂しがり屋が多いので、元カノからのLINEって実は嬉しかったりするんですよね。素直に返せないだけで、通知が来た瞬間に心がざわつくことは普通にある。僕もそうで距離を置いていた時期でも元カノから連絡が来るとホッとする気持ちは確かにありました。ただ、,2月26日,,3月21日
https://x.com/1o_yyb/status/2026581181098250583,34,1,4284,凪｜回避型男の本音,復縁が遠回りに感じる人ほど、回避型の心理を学ぶと一気に視界が開ける。「なんでこんな態度を取るの？」という謎がひとつずつ紐解けて、焦りや迷いが減る。僕もそうだったけど、理解してくれる人にだけ本音を見せられるのが回避型。心理を知ることは“彼が戻りたくなる環境”を整えるための土台になる。,2月25日,,3月21日
https://x.com/1o_yyb/status/2026781249268846683,43,0,3801,凪｜回避型男の本音,女性って言葉でちゃんと気持ちを確かめたいし、不安なまま放っておくのが辛い人は多い。でも回避型の男は、何も言われない沈黙にこそ焦りを感じる。だから彼から何もアクションがなくても、あなたから動かないことにもちゃんと意味がある。まだ好きでいてくれるはある瞬間に一番ザワつくんですよね。,2月26日,,3月21日
https://x.com/1o_yyb/status/2026479651632329019,80,4,12906,凪｜回避型男の本音,男だからわかるけど、既読無視してる時ってどう返せば関係が悪化しないか必死に考えてるんだよね。無視したいわけじゃなくて『間違えたくない』が勝って黙るだけなんです。特に回避型は、気持ちがあるほど軽く返せなくなるクセがあって、向き合う余裕が戻るまでは止まってしまう。僕も元カノのLINEを,2月25日,,3月21日
https://x.com/1o_yyb/status/2026298569892757583,24,0,6347,凪｜回避型男の本音,これは僕の意見でしかないけど、回避型の心理や距離感の掴み方を知らなきゃ自分磨きしたところで結局それを「圧」として受け取られる。そしたら自分磨きの努力も意味がなくなってしまうと思うんです。なのでサクッと回避型の扱い方を知った上で関わり方を変えた方がかなり復縁の近道になりますからね。,2月24日,,3月21日
https://x.com/1o_yyb/status/2026420119971266640,64,1,5743,凪｜回避型男の本音,回避型は未練が強いほど黙るクセがあるから、既読無視は脈なしの証拠じゃない。むしろここからどう関わるかが勝負。追わず、責めず、淡々と安全な存在を積み上げていくと、彼の中で距離を縮めてもいいサインが出てくる。心理に沿った接し方さえできれば、動かない彼でも復縁は十分狙えますからね。,2月25日,,3月21日
https://x.com/1o_yyb/status/2026256184798585110,134,1,21691,凪｜回避型男の本音,男って数ヶ月やり取りが途切れても、元カノの存在が心から消えることってまずないんですよね。これは本当に男性特有で、沈黙＝終了とは思っていない。特に回避型は気持ちが強いほど一度距離を置いて感情を落ち着かせようとするクセがある。僕も連絡を止めていた期間があったけど、,2月24日,,3月21日
https://x.com/1o_yyb/status/2026652400195440925,133,5,8890,凪｜回避型男の本音,正直、尽くしてくれる彼女を振る男は、自分の幸せをドブに捨ててるようなもの。僕も経験があるけど離れてから「あんなに自分を想ってくれる人は二度と現れない」って痛感して、必死に戻りたくなるんだよね。追いかけない勇気を持ってれば彼は「なんで別れたんだろう」って本気で焦り始めますよ。,2月25日,,3月21日
https://x.com/1o_yyb/status/2026229111325180203,80,1,9593,凪｜回避型男の本音,「連絡がない＝忘れた」と思ったら大間違い。回避型は振った後、猛烈に後悔しても「自分に自信がない」から動けなくなる。「今さらどの面下げて…」って自爆してるパターンが本当に多い。だから彼からの反応がなくても心の中では葛藤してる可能性が高いよ。復縁したいのは、実は彼の方だったりする。,2月24日,,3月21日
https://x.com/ddk1_01/status/2026218702891516278,27,1,6040,R,これ実際、私の彼も「自分磨きしてたらどんどん自信なくなる」って言ってた。よく自分磨きして見返そうと言うけど回避型は逆に自信無くしちゃうから注意なんだよね。結局、自分の弱さに絶望して別れを選ぶから安心感に勝るものはない。無理に自分を変えようとしなくたって復縁はできるから大丈夫,2月24日,,3月21日
https://x.com/1o_yyb/status/2025892555150483722,88,1,14965,凪｜回避型男の本音,回避型はプライドだけは一丁前なので別れていても自分から「戻りたい」とはなかなか言えないんですよね。本当は気になっててもそれを認めた瞬間に立場が変わる気がして怖い。僕も未練があったのに、連絡したら負けみたいなよく分からない意地が邪魔して動けなかった。だから女性からすると,2月23日,,3月21日
https://x.com/1o_yyb/status/2025762868923363380,133,4,21259,凪｜回避型男の本音,既読無視してる男が思ってることって「本当は返したい」なんですよね。これ意味わからないと言いたくなるかもですが、男目線だと嫌いだから返さないんじゃなくて『返した瞬間に何かを求められそうで怖い』とか『どう返せばいいか分からない』が先に来る。回避型は特にそうで、,2月23日,,3月21日
https://x.com/1o_yyb/status/2025581090916929569,50,1,4854,凪｜回避型男の本音,優しい元彼より冷たい元彼の方が復縁は近いです。僕も元カノを振った後、自分を正当化するためにわざとそっけなくしてました。でも内心は気になって仕方なかった。そっけないのは、それだけ元カノの影響力が強いということ。どん底の時期を耐えた人だけが、最後に最高の幸せを掴めるよ。,2月22日,,3月21日
https://x.com/1o_yyb/status/2025397280522817952,52,0,6863,凪｜回避型男の本音,復縁って実は『執着がある方が有利』なんですよね。執着は悪いって言われるけど、気持ちがあるからこそ頑張れるし前に進もうとできる。ただ流れが止まるのは、執着そのものじゃなくて『向け方が彼一直線になってしまうと回避型が固まる』からなんです。責めたいわけじゃなくて、,2月22日,,3月21日
https://x.com/1o_yyb/status/2025206120936071428,74,0,3755,凪｜回避型男の本音,ちょっと本音。復縁ってすぐにはできなくて辛いと思う。でも僕のポストをしっかりいいねして見てくれる人は復縁して欲しいと心から思ってるので、これからも役に立つ発信をしていきます。絶対今、忘れられない彼と復縁して幸せになりたいって人はぜひ今後も通知して投稿に反応いただけたら嬉しいです。,2月21日,,3月21日
https://x.com/1o_yyb/status/2025337486071697601,43,0,4213,凪｜回避型男の本音,僕が自分から離れたのに後悔したのは、彼女は数えきれないほどの不在着信を入れてくるほどだったのに、取り乱さなくなったから。回避型って感情をぶつけられると逃げたくなるけど、何も言われないと頭から離れなくなる。だからこそ感情的にならずに距離を取ってくれる女性は時間差で忘れられなくなる。,2月22日,,3月21日
https://x.com/1o_yyb/status/2025118795346452588,59,0,4663,凪｜回避型男の本音,復縁を目指す中で「追いすぎて嫌われた」って自分を責めないで。回避型の男は相手の愛が重いから逃げるんじゃなくて、それに応えられない自分の不甲斐なさに耐えきれず離れるだけ。でも時間が経てば自分を本気で愛してくれた存在の尊さに必ず気づく。元カノの愛情は復縁の種として彼の中に残ってる。,2月21日,,3月21日
https://x.com/1o_yyb/status/2025037411089350798,92,0,15078,凪｜回避型男の本音,男だからわかるけど、元カノから追いLINEが届いても『うざい』とか思ってないんだよね。ただ返せていない申し訳なさと、さらに重なる「私の不安を解消して」という期待の圧に押しつぶされそうになって、反射的にスマホを置きたくなる。僕も回避型なのでよく分かるのですが、追いLINEをされるたびに,2月21日,,3月21日
https://x.com/1o_yyb/status/2024801376510021916,95,3,16312,凪｜回避型男の本音,回避型の男にとって元カノって『ずっと特別枠』に残り続ける。これは昔の僕もそうで、普段から深い関係を築くのが得意じゃない分、一度心を許した相手って他とは全く違う存在になる。でもだからといって「じゃあ復縁しよう」と素直に動けるかというと別で、回避型は一度別れると決めた自分を,2月20日,,3月21日
https://x.com/1o_yyb/status/2024964276784414739,51,0,3995,凪｜回避型男の本音,別れた直後の回避型の「冷たさ」を本気で受け取らないで。僕もだけど感情が混乱すると自分の心さえ見失うから、数ヶ月経って落ち着いた頃にようやく「失った大きさ」に気づき出す。別れの瞬間よりもそのずっと後に本音が顔を出す。今、返信がなくても絶望する必要なんてないから安心して。,2月21日,,3月21日
https://x.com/1o_yyb/status/2024775281291170181,71,1,6168,凪｜回避型男の本音,正直に言うと、回避型の男は安心させてくれた元カノから離れきれません。僕もどれだけ距離を取っても、心が弱った瞬間に思い浮かぶのはその人だった。求められすぎない落ち着いた空気にはまた戻りたくなる。だから復縁の鍵は行動より理解。彼のペースや心理構造を知って寄り添える人が最後に選ばれる。,2月20日,,3月21日
https://x.com/1o_yyb/status/2024480086226047260,72,1,4773,凪｜回避型男の本音,自分から振っておきながら、元カノの近況が見えないと「もう他の男に取られた？」って被害妄想を膨らませるのが男の本音。僕もそうだったけどその「取られたくない」って焦りが復縁への一番の原動力になる。今あなたが耐えている冷却期間は元彼の執着心と後悔を最大限に引き出すための時間ですからね。,2月19日,,3月21日
https://x.com/1o_yyb/status/2024439327967912165,416,17,45538,凪｜回避型男の本音,男が振った場合の復縁率ってマジで高いよ。女性は一度冷めたら戻らないことが多いけど、男は別れた後に気持ちが育つ生き物なんですよね。しかも回避型は好きなのに離れるタイプだから、振った時点で気持ちがゼロなわけがない。むしろ「自分じゃ幸せにできない」「これ以上不安にさせたくない」みたいな,2月19日,,3月21日
https://x.com/1o_yyb/status/2024404085408223357,63,0,4691,凪｜回避型男の本音,復縁は難しそうに見えて、実は回避型の男にとっては『やり直しやすい形』でもある。僕も新しい誰かにゼロから心を開くより、一度受け入れてくれた元カノの存在のほうがずっと楽だった。怖がりな男ほど前の安心に戻る方を選ぶ。だから望みを捨てる必要はないですからね。,2月19日,,3月21日
https://x.com/ddk1_01/status/2024364744476602534,33,4,7188,R,これは間違いないと思う。私も最初は既読無視とかLINEブロックで「もう無視されるし連絡手段ない」って思ったけどそれでも動く方法はあるし、沈黙を貫かなかったからこそ復縁できたんだと思ってる。回避型は不安で動けなくなってるだけだから、それに合った関わり方するだけで関係は動くんだよね。,2月19日,,3月21日
https://x.com/1o_yyb/status/2024058558753706366,112,3,7844,凪｜回避型男の本音,本当に気持ちが残ってる男ほど簡単に連絡できません。回避型は未練が強いほど中途半端な言葉で触れるのが怖くて固まる。僕も返したいのに返せなかった時期が一番元カノのこと考えてた。沈黙が長いほど「このまま終わるのは嫌だ」が強くなってから動き始める。今動きがない＝チャンスがないではないよ。,2月18日,,3月21日
https://x.com/1o_yyb/status/2024246547555197411,42,0,2313,凪｜回避型男の本音,僕が復縁できた時気づいたのは、別れを選んだのは気持ちの限界じゃなく“自分への失望”だったということ。好きな相手ほど向き合う勇気が出ない。だから沈黙が続いても、それは未練がないからじゃなく、また傷つける怖さが勝ってるだけ。回避型は冷めて離れるんじゃなく、怖くて離れる生き物なんです。,2月19日,,3月21日
https://x.com/1o_yyb/status/2024079759106318810,142,2,17055,凪｜回避型男の本音,回避型の男が別れを選ぶときって、実は愛情が尽きたからじゃないんですよ。好きなのに、その好きに見合う自分じゃない気がして逃げるんです。「これ以上そばにいたら相手を傷つける」「期待に応えられない自分が情けない」そんな風に自分を追い詰めて距離を取る。ここを知らないまま追い続けると、,2月18日,,3月21日
https://x.com/1o_yyb/status/2024122480416489622,45,0,3454,凪｜回避型男の本音,マジでダサいけど、僕は別れてからも彼女の誕生日をふと思い出したりしてた。自分から離れておいて未練がましいと思われるのが怖くて、何も行動に移せなかったけど心はずっと残ってた。回避型は気持ちを言葉や行動に出すのが苦手。だから冷たく見えるかもしれないけど、未練を感じてることが実は多い。,2月18日,,3月21日
https://x.com/1o_yyb/status/2023946109882679727,76,3,10688,凪｜回避型男の本音,これめちゃくちゃ意外だけど、男って俗に言う『自爆行動』されたときに思うことって『どう受け止めていいか分からない』なんですよね。特に回避型は強い感情を向けられると、気持ちを処理しきれなくて一旦距離を取るクセがある。だからあなたの言動が重かったわけじゃなくて、,2月18日,,3月21日
https://x.com/1o_yyb/status/2023714854629146876,25,0,2323,凪｜回避型男の本音,元彼が「そろそろ元カノに連絡しようかな」と思う瞬間って実は『何もされなくなった時』なんですよね。これ僕も経験あって、追いLINEが来てた時は返す勇気がなくて放置してたのに、急に彼女が静かになった途端めちゃくちゃ気になり始めた。「もう怒ってないかな」「連絡しても大丈夫かな」って、,2月17日,,3月21日
https://x.com/1o_yyb/status/2023758730383552765,72,4,12408,凪｜回避型男の本音,これガチでそう。結局、回避型は新彼女がいても本命の安心感には勝てない。正直僕もそうで別れた直後は勢いで新しい人にいっても、戻りたくなるのは元カノの空気だった。深く向き合う覚悟は急に育たないし代わりの人で埋まるものでもない。だから今新彼女がいても意外とあっさり戻ってくる。,2月17日,,3月21日
https://x.com/1o_yyb/status/2023700198082433400,40,1,3534,凪｜回避型男の本音,元彼から急に連絡が来なくなったり、何も言わずに距離を取られたとき「大事にされてなかった」と不安に感じてしまうのは当然。でも回避型の男は不安や罪悪感を処理できないと、黙って離れるしかできなくなる。だから突然の沈黙には、言葉にできなかった感情が隠れてることもありますよ。,2月17日,,3月21日
https://x.com/1o_yyb/status/2023517241690444220,20,0,1277,凪｜回避型男の本音,正直、男目線から言うと自分磨きより彼の心理を知った方が復縁は早い。見た目を整えても性格を変えても、回避型の彼には届かないことがある。つまり彼がまた向き合いたいと思えるのは理想のあなたじゃなくて、安全だと思える関係性。だからこそ彼の内側の構造を知ることが、何よりの近道になります。,2月17日,,3月21日
https://x.com/1o_yyb/status/2023213117438923030,150,3,17379,凪｜回避型男の本音,回避型の元彼って、あっさり別れを選んだように見えるし、どれだけ気持ちを伝えても何ひとつ響いてないように感じますよね。でも実際のところ、あのそっけなさって気持ちがないからじゃなくて、むしろ感情が処理しきれなくなったサインなんです。回避型は愛情が強いほど不安も強くなるタイプで、,2月16日,,3月21日
https://x.com/1o_yyb/status/2023359402636673115,101,2,11899,凪｜回避型男の本音,"回避型が追いLINEされても復縁したくなる瞬間って、

・急に追われなくなったとき
・元カノの言葉をふと思い出したとき
・他の女性より理解されてたと気づいたとき
・繋がりを切れない自分に気づいたとき
・本気で想われていたことを実感したとき

追いLINEしたからって終わりじゃなく、",2月16日,,3月21日
https://x.com/1o_yyb/status/2023213120010043480,20,0,2910,凪｜回避型男の本音,ではないんです。むしろ本音の方が置き去りになったまま別れが進んでしまうのが回避型の特徴。今あなたが「もう無理なのかな」と感じている沈黙も、終わりというよりまだ整理できていないだけの可能性が高い。だから諦める必要はありません。大事なのは行動ではなく,2月16日,,3月21日
https://x.com/1o_yyb/status/2023152337179877558,21,0,2021,凪｜回避型男の本音,「もう無理」と言われた瞬間に全部終わったと思いがちだけど、回避型の男にとってその言葉は感情の限界サイン。僕も本気の相手ほど自分の弱さを見せるのが怖くて口先だけの別れを選んだ。気持ちは残ってるのに逃げるという矛盾は回避型の恋愛あるある。冷めたんじゃなく向き合う勇気が足りないだけ。,2月16日,,3月21日
https://x.com/1o_yyb/status/2022994188640637368,118,3,16803,凪｜回避型男の本音,男はプライドが高いので、別れたことを後悔していてもそれを認められない。だから回避型の男ほど、本当はまだ好きなのに“何もしない”という選択をする。「連絡したら弱みを見せる気がする」「戻りたいと言った瞬間に立場が逆転する」そんな不安が強いほど動けなくなる。ここまでは男側の問題。でも,2月15日,,3月21日
https://x.com/1o_yyb/status/2023026004894380397,58,1,4174,凪｜回避型男の本音,これ勘違いしてほしくないんですが、元彼が楽しそうに見えるからといって吹っ切れたとは限らない。回避型の男は、感情を処理しきれないときほど平気なフリをする。僕もそうでSNSに楽しそうな写真を上げながら、心の中では元カノのことを考えてた。だから楽しそうでも心の整理はまだ途中だったりする。,2月15日,,3月21日
https://x.com/1o_yyb/status/2022874956200317057,108,1,14697,凪｜回避型男の本音,ちょっと自分の話だけど、僕が既読無視してた彼女と復縁したいと思うようになったのって『何も期待されてない』と思ってからだったんだよね。返さなきゃいけない空気が消えて、責められてる感じもなくて、「この人はもう俺に何か求めてないのかも」と思った瞬間、逆に気になり始めた。男って,2月15日,,3月21日
https://x.com/1o_yyb/status/2022970388456567006,49,1,5746,凪｜回避型男の本音,「復縁は考えられない」と言い切ったのに、後になって元恋人の笑顔が浮かぶのは回避型にありがちな反応です。気持ちを抑え込んで進もうとするほど、未消化の感情が内側に残る。だから彼が静かな時期は、心の整理をしている途中です。一定の距離を置いたあとに、本心が見えてくることがよくある。,2月15日,,3月21日
https://x.com/1o_yyb/status/2022788439465509149,21,0,1408,凪｜回避型男の本音,回避型の男は、別れた直後に「これでいい」と思い込むけど時間が経つほどに気持ちが逆流してくるタイプです。僕もそうだったけど、自由になったはずなのに心だけが空っぽで、ふと彼女の優しさを思い出す。感情をすぐ処理できない分、後から本音に気づくのが回避型の恋愛なんだよね。,2月15日,,3月21日
https://x.com/1o_yyb/status/2022601205936234710,155,5,13122,凪｜回避型男の本音,男だから分かるけど尽くされた記憶って、罪悪感とセットで残るんだよね。別れたあと時間が経って「元カノにひどいことした」って後悔するのがマジでキツい。でもそこで彼女が一切動いてこないと、自分から向き合わなきゃってスイッチが入る。尽くした側こそ引いて待つことで立場が逆転するんですよね。,2月14日,,3月21日
https://x.com/1o_yyb/status/2022492770032906537,59,1,6528,凪｜回避型男の本音,よく「私ばかり元彼のことを想ってる」と相談をいただきますが、これ男目線から言わせてもらうと実は男も元カノのことを考えてます。ただ、回避型の男は『考えてるのに動けない』という厄介な性質があって、気持ちが強くなるほど距離を取る。だから女性側が一方的に想ってるように見えるだけで、,2月14日,,3月21日
https://x.com/1o_yyb/status/2022439389725352051,66,4,5848,凪｜回避型男の本音,回避型の男性は別れの場面になるほど気持ちにフタをして、あえて冷たい態度を取る。実際は感情が溢れ出しそうで抑えきれないからこその防衛反応なんだよね。僕も別れたとき内心はめちゃくちゃだったのに、何でもない顔を必死に作っていました。そっけなさは無関心の証じゃないから安心して。,2月14日,,3月21日
https://x.com/1o_yyb/status/2022308779174347210,69,1,6478,凪｜回避型男の本音,男女で別れの捉え方って本当に違う。女性は沈黙されると「もう興味ないよね」と思ってしまうけど、男性は沈黙されるほど「まだ気にしてくれてるのかな？」と期待を残したまま過ごす。僕もそうだったけど、元カノを完全に消すことなんてできない。距離があってもあなたの影は消えてないから安心して。,2月13日,,3月21日
https://x.com/1o_yyb/status/2022269036508422172,215,4,25055,凪｜回避型男の本音,回避型と不安型は相性が良すぎるんだよね。惹かれ合う力が強いほどお互いの弱い部分を刺激し合うから、距離が近いほど関係が複雑になる。僕も回避型で、不安型の彼女と付き合ったとき『好きなのに距離を取りたくなる自分』が理解できず苦しんでた。でも離れたいんじゃなくて、,2月13日,,3月21日
https://x.com/1o_yyb/status/2022269038026707209,28,1,4033,凪｜回避型男の本音,期待に応えられない自分が怖かっただけ。不安に押されると逃げたくなるし、追われなくなると逆に気になって仕方なくなる。だから多くの女性がやりがちなのが「もっと連絡しなきゃ」「好きを伝えなきゃ」と行動量で解決しようとすること。でも回避型にとってはそれが一番苦しくて、,2月13日,,3月21日
https://x.com/1o_yyb/status/2022232778239291852,63,4,6425,凪｜回避型男の本音,多くの人が勘違いしてるけど、沈黙って何もしない時間じゃなくて『彼の心を回復させる時間』なんですよね。回避型の男にとって距離は呼吸みたいなもの。僕も距離がないと落ち着けなかった。放置は関係を切る行為だけど、正しい沈黙は関係をもう一度育てる準備。意味のある静けさは確実に効いてくるよ。,2月13日,,3月21日
https://x.com/1o_yyb/status/2022128509641253370,136,2,19244,凪｜回避型男の本音,元彼をまだ好きなのに、連絡もできず近づくことすらできない状況が一番つらいはず。復縁のために行動したいのに、動けば嫌われそうで、何もしなければこのまま終わってしまいそうな気がしてる人も多いと思います。だけど実は、回避型の男にとって”連絡が来ない期間”こそが、,2月13日,,3月21日
https://x.com/1o_yyb/status/2022065929278922780,23,0,1611,凪｜回避型男の本音,男は元カノに本気で揺れている時ほど連絡できなくなる。僕も返信できない期間が一番未練が強かった。でもこの仕組みを知らないと「もう終わりだ」と思って焦ってしまうんですよね。本当は触れないほうが関係が戻りやすいタイミングもある。心理を知るだけであなたの『今の待ち時間』の意味が変わるよ。,2月13日,,3月21日
https://x.com/1o_yyb/status/2021882218176561231,81,0,7338,凪｜回避型男の本音,回避型の男性は別れ話のときに急に冷静になったり、あっさり引いた態度をとることがある。でもそれは未練がないわけじゃなく、感情に巻き込まれないように守っているだけ。感情があるほど何も感じていないふりをする。表面的な態度に惑わされず、その裏にある心理構造を見抜ければ復縁の流れは作れる。,2月12日,,3月21日
https://x.com/1o_yyb/status/2021906826061918707,197,4,84700,凪｜回避型男の本音,男が冷却期間中に元カノを忘れる、というのは実はほとんどない。むしろ回避型の男は距離があるときの方が元カノの存在を強く思い返す生き物です。理由は単純で、感情が落ち着くと「もう失敗しないかもしれない」という安心がじわじわ湧いてくるから。でも多くの女性は自分磨きで不安をごまかしながら、,2月12日,,3月21日
https://x.com/1o_yyb/status/2021767491593416808,267,8,50382,凪｜回避型男の本音,回避型と復縁できる人って一途で『ぶつかってこない安心感を持つ』女性なんだよね。僕も回避型だったからわかるけど、強く想われるのは嬉しいのに、距離を詰められると逃げたくなる。でも離れても嫌いになれない女性がいて、その共通点は「想いは深いのに追ってこない」という,2月12日,,3月21日
https://x.com/1o_yyb/status/2021580731848245270,22,1,1417,凪｜回避型男の本音,これは僕の意見だけど、元彼への執着を手放せないのは何もおかしいことじゃないと思う。だってそれだけ深く愛してきた証拠だから。特に回避型の彼との恋愛は結末が曖昧なまま終わることが多いから、心が整理できないのは自然なこと。無理に焦って忘れようとしなくても大丈夫ですからね。,2月11日,,3月21日
https://x.com/1o_yyb/status/2021767493992558796,47,0,5724,凪｜回避型男の本音,空気を持っていたこと。一途さを追う形でぶつけられるとプレッシャーになるけど、一途さをそっと見守る姿勢で示されると、回避型は逆に気になって仕方なくなる。多くの女性がつまずくのは、好きだから頑張らなきゃと動きすぎてしまうこと。それが一番回避型の地雷で、,2月12日,,3月21日
https://x.com/1o_yyb/status/2021541394897383889,245,3,29448,凪｜回避型男の本音,振った側の男が本気で復縁を求める女性は『追わないのに、どこかで自分を想ってくれている人』です。僕もそうだったけど、特に回避型の男って好きでも向き合う自信がなくて別れを選ぶことがある。別れた瞬間は解放感もあるけど、時間が経つほど「ちゃんと向き合えなかった自分」を,2月11日,,3月21日
https://x.com/ddk1_01/status/2021446367605055990,54,2,15340,R,やっぱこれなんだよね。私の彼も返せば関係が重くなる気がして動けなかったって言ってた。『返事しない＝冷めた』じゃなくてどう返しても正解じゃない気がして止まるが回避型の本音。無理に追いかけるより止まってた方が彼が自然と動き出すんだよね。回避型は『返しやすい距離』が本当に大事だと思う。,2月11日,,3月21日
https://x.com/1o_yyb/status/2021422022954467682,48,0,5586,凪｜回避型男の本音,元彼の返信が止まると「気持ちがなくなったのかな…」って不安になるけど、多くの男は興味が薄れたから黙るんじゃない。返したあとの展開が怖いと感じるほど動けなくなるんです。関係が深かった相手ほど慎重になるから、沈黙＝拒絶と決めつけるのはマジで早いです。でも不安になると,2月11日,,3月21日
https://x.com/1o_yyb/status/2021336623137308703,111,3,9191,凪｜回避型男の本音,男って本気になればなるほど“弱さを見せられなくなる”生き物です。余裕がない姿を見せたくなくて、あえて冷たくしたり距離を取ったりする。だからあなたが感じた「急に変わった彼」は冷めたんじゃなくて不安に負けた彼。心の奥ではまだあなたを想ってることの方が多いということを忘れないで欲しい。,2月11日,,3月21日
https://x.com/1o_yyb/status/2021159204007051748,67,2,23432,凪｜回避型男の本音,元カノから追いLINEが来る回避型の男の気持ちって「今さら何を言えばいいのか」っていう状態が多い。既に気まずいし、返せない時間が積み重なってハードルが上がってる。それに向き合う勇気がなくて沈黙する。でもそれって冷めたからじゃなく、どう返しても正解じゃない気がするから止まってるだけ。,2月10日,,3月21日
https://x.com/1o_yyb/status/2020977506782937211,75,0,6647,凪｜回避型男の本音,復縁した今だから言えるけど、別れてLINEブロックしてからもインスタはチェックしてました。でも連絡したら負けた気がして、ずっと動けなかった。男ってプライドが先に立って本音を行動に出せないことが本当に多い。だから今、彼から何も動きがなくてもそれが『終わり』だとは限りませんよ。,2月10日,,3月21日
https://x.com/1o_yyb/status/2020862388140949591,84,1,12570,凪｜回避型男の本音,これはガチの男目線の本音→回避型の男って自分から距離を取っておいて、静かになった元カノのことを気にしてる。追われてる間は怖さが勝つけど追われなくなった瞬間にようやく愛情の大きさが理解できる。だから彼が離れたのを「冷めた」と決めつけなくていい。距離を取るのは終わりの証拠じゃない。,2月9日,,3月21日
https://x.com/kuragene_/status/2034826960946524389,345,33,29384,くらげ姉,男の本気度って、ここに全部出る。疑われたくない相手には、そもそも疑われる行動を減らすし、不満をぶつけられたくないなら、自分の振る舞いを整え始める。不機嫌にさせたくないなら、放置じゃなくてちゃんと関わろうとする。本気で向き合ってる相手ほど、,3月20日,,3月21日
https://x.com/makiba_hsshsp/status/2034934724896993630,71,9,5098,まきば｜恐れ回避型の恋愛事情,"これ、言っちゃっていいのかな。
恐れ回避型は、「幸せな恋愛」の真っ最中に、別れを準備してます。

たとえば、こんな夜がありました。

彼女が「ずっと一緒にいようね」って言ってくれた。
声のトーンも、こっちを見る目も、全部本気だって分かる。",3月20日,,3月21日
https://x.com/beniiromaria/status/2029695474731737123,852,42,175165,紅色マリア,男が忙しい時に無理してでも会いたくなる女は「美人」でも「尽くす女」でもなくて「会うとプラスの感情がもらえる女性」なんだよ。仕事が忙しいときって男性は恋愛にエネルギーを割きにくい。だから「いつ会える？」「少しでいいから時間作って」って言われるとプレッシャーになる。でも会いたくなる女,3月6日,,3月21日
https://x.com/muro_fukuen/status/2034938022614245864,213,2,53936,むろ⋮ 復縁,"あなたが何もしていないようで、

いちばん“彼に響くこと”をしているかもしれません

「彼から何もしてこない」
「私も動いてない」
「何も進んでない」
そう思ってるかもしれないけど、実はその“動かなさ”こそが、￼",3月20日,,3月21日
https://x.com/reuni10v/status/2034916628408963461,62,0,11099,ななせまる｜元彼視点・心理,ぶっちゃけ男が復縁しない理由って、意外とシンプルで「今の方が楽だから」。別れてしばらくは自由だし、気を遣わなくていいし、ストレスも減るから戻る理由がない。でも時間が経つと、その楽さに慣れて逆に物足りなくなる。その時に思い出すのが元カノとの関係。だから最初に動いても響かないし、,3月20日,,3月21日
https://x.com/koikoi_takashi/status/2034934392964227559,30,0,2186,タカシ@元回避型の男,"回避型の男の沈黙って実はただ「感情をロック」してるだけなんだよね。

元カノに会えば気持ちが動いちゃうから自分で理屈をつけてシャットアウトしてる。

だから回避型の男にとって沈黙は「彼女がどうでもいい」じゃなくて、自分の心を守るためのブレーキなんだよね。",3月20日,,3月21日