ポストURL,ポスト,アカウント名,プロフィール
https://x.com/okoteruyo1/status/1948721754232234000?s=46,"『元彼は死んだ』と思うと復縁に近づきます。これは、「彼がもうこの世に存在しないと思い込んで、完全に執着を手放す」という意味です。なぜそんな極端な発想が、むしろ復縁を近づけるのか。ここには、男性心理のリアルな構造があります。男性って、
─────────────────────────
別れた後に「元カノがまだ自分のことを好きでいてくれる」とどこかで信じています。自信があるとかではなく、「そうであってほしい」という願望が潜んでる。それがあるから、あなたが未練を見せたり、SNSで意味深な投稿をしたりすると、彼の中で“あなたはまだ自分のもの”という感覚が残る。つまり、
─────────────────────────
あなたの価値が「当然そこにあるもの」として扱われてしまう。

でも、逆にあなたが心から彼を“失った存在”として扱い、執着も期待も消して日々を過ごし始めると、彼の中で何かが変わります。

「あれ？　本当に終わった…？」
「まさか、俺にもう気持ちない？」
(続く)
─────────────────────────
そうなってようやく“失ったかもしれない”という現実が彼の中に刻まれます。それは、彼の心を揺さぶる最大のトリガーなんです。本気で復縁したいなら、一度彼を「もうこの世にいない人」として扱ってみてください。LINEも見返さない、連絡もしない、思い出に浸らない。それが、
─────────────────────────
自分を取り戻す第一歩であり、彼の心に「あなたを失う恐怖」を芽生えさせるきっかけになります。執着を手放すことは、諦めることじゃないです。本当に戻ってきてほしいなら、一度“死んだ男”として彼を忘れる覚悟も必要です。","れん
@okoteruyo1",別れた彼女に3年後プロポーズした男
https://x.com/in_50man/status/1959173515019464813?s=46,"男性は1度冷めても惚れ直すから全国の復縁を目指す女子は諦めなくていいよ。私の彼も別れ際は「二度と会わない」ってキレ気味で言ってきたけど、今となっては彼の方が私に溺愛してる。だから今、彼に冷たくされて病んでる女性も落ち込まないで。正しく行動すれば復縁は叶うから。
─────────────────────────
私がどうやって1ヶ月で復縁できたかはここに全部書いてる。","復縁みるく
@in_50man",メンヘラが原因で誕生日に振られたけど、そこから1ヶ月で復縁 / 短期間で復縁出来た理由を日々呟く / 現在復縁して2年目
https://x.com/in_50man/status/1942157894910410753?s=46,"私の彼氏は今でこそ毎日「愛してる」って言ってくれるけど、別れた後は「は？復縁とかする訳ないやん。もう会わないよ」みたいに冷めきった態度してた。そのくらい男の人の気持ちって大きく変わるから、今厳しく思えても復縁の可能性は全然あるよ。
─────────────────────────
復縁には、｢成功しやすいタイミング｣があって意外とみんなそれを逃してる。遅すぎてもただ待ってるだけでもダメだから正しいタイミング見極めれるようにしなきゃいけない。ここで詳しく解説してるから気になる方は読んでみて↓","復縁みるく
@in_50man",メンヘラが原因で誕生日に振られたけど、そこから1ヶ月で復縁 / 短期間で復縁出来た理由を日々呟く / 現在復縁して2年目
https://x.com/que_koi/status/2028745441936814319?s=46,"経験談ですが、振った側って「相手が自分を忘れることは無い」と思い込んでいます。でも元カノが楽しそうにしている姿を見た時、急に焦りが出てきたんです。「自分なしでも幸せになれるんだ」という事実が、男の執着心と独占欲を呼び覚ますんです。なので、復縁したいのなら「幸せそうに見せること」が効果的です。
─────────────────────────
でもこれって逆効果になることも少なくないんですよね。それは、アピールの仕方をミスってるから。ただ幸せそうにしてるだけだと当てつけみたいになっちゃうので下心を全く出さずに相手の執着心を呼び起こさないといけないんです。それを実現する方法は","N
@que_koi",復縁否定派→元カノに復縁させられた
https://x.com/que_koi/status/2022950759105544375?s=46,振られた理由が「何となく冷めた」なら、復縁の可能性は高いです。僕も「もっと自由に生きたい」という曖昧な理由で元カノを振りましたが、結局は一人の寂しさに耐えられなくなりました。一度冷めた感情は、離れることで再び熱くなることがあります。特に男性はこの傾向が強いです。,"N
@que_koi",復縁否定派→元カノに復縁させられた
https://x.com/que_koi/status/2016434823980794240?s=46,"元カノと復縁してみて分かったことは、男の方が未練が残るということ。男って別れた後スッキリしてるイメージあるかもですが、それは男のプライドからくる見栄です。内心は傷つき、後悔してることがほとんど。その姿を見せるのが嫌だから吹っ切れたように振舞ってるんです。
─────────────────────────
ですが、元彼の心が傷つき本当は元カノを恋しいと思ってても彼から自発的に戻りたいと言ってくる可能性はほぼぜろです。それは、さっき言ったようにプライドの問題です。ですが、そのプライドを唯一崩せる方法があって、それはここに書いてます↓","N
@que_koi",復縁否定派→元カノに復縁させられた
https://x.com/que_koi/status/2005222946055630960?s=46,"結局、復縁出来る女性って『復縁に期待し過ぎず元彼と話せる人』なんです。「復縁したい」って気持ちが見え見えだと元彼が引くのも当然。なので、復縁したいなら復縁に期待し過ぎず、未練タラタラな下心を隠す必要があるんです。
─────────────────────────
未練を隠せない＝あなたの方が立場が下。と認識されてしまうということです。これだと立場逆転は難しいので、復縁したいのなら必ず乗り越えるべき壁です。もし、本気で彼と対等に愛し合いたいと思ってるのなら今年最後の買い物にこれがオススメです","N
@que_koi",復縁否定派→元カノに復縁させられた
https://x.com/1o_yyb/status/2033535092908552395?s=46,"ちょっと本音を言うと「好きだけど一緒にいられない」とか「俺じゃ幸せにできない」と言って振られた人って、彼が回避型だった可能性がかなり高い。この言葉、その通りに受け取ると「気持ちはあるけど終わり」に聞こえるんだけど、男目線から言わせてもらうと全然そういう意味じゃないんですよね。これ
─────────────────────────
回避型特有の自己否定からくる逃げで、気持ちがないんじゃなくて自分への自信のなさが先に来てしまってる状態。回避型って好きになればなるほど「期待に応えられなかったらどうしよう」「また傷つけてしまうかもしれない」という不安が膨らんでいく。で、その不安に耐えきれなくなった瞬間に、
─────────────────────────
好きだから離れるという一見意味不明な行動を取ってしまう。傍から見ると「気持ちがあるなら別れなければいいのに」と思うかもしれないけど、回避型にとってはそれが相手を守るための精一杯の選択だったりするんですよね。しかも回避型って感情を言語化するのが極端に苦手。本当の理由を自分でもうまく
─────────────────────────
整理できないまま別れを決めるから「好きだけど無理」とか「俺じゃ幸せにできない」みたいな言葉しか出てこない。あの言葉は冷めたから出てきた言葉じゃなくて、向き合う自信がなくて追い詰められた末に出てきた言葉なんです。僕も同じ言葉を言ったことがある。あのとき
─────────────────────────
気持ちがゼロだったかというと全然そんなことなくて、むしろ好きで怖いみたいな感じ。「このまま一緒にいたらまた傷つけてしまう」「自分みたいな人間がそばにいない方がこの人は幸せになれる」と思い込んで、逃げることしかできなかった。別れた後も気持ちは残ってたし後悔もあった。ただ自分から
─────────────────────────
動く勇気がなくてずっと固まってた。だから今その言葉でフラれて「もう終わりなのかな」と悩んでいる人に伝えたいのは、あの言葉は冷めたサインじゃないということ。彼がまだ動けていないのは気持ちがなくなったからじゃなく、自分への自信が戻るまで時間がかかってるだけ。回避型は時間差で後悔して、
─────────────────────────
落ち着いた頃にようやく本音が顔を出す生き物。今の沈黙が答えじゃないですからね。少し長くなりましたが、もし元彼がこんな感じで別れを告げてきたって人はかなり回避傾向強めなので当てはまった方はぜひフォローといいねして他の投稿も遡ってみてくださいね。
─────────────────────────
回避型は愛情がないわけではない👇","凪｜回避型男の本音
@1o_yyb",超メンヘラの彼女と遠距離から復縁した回避型男
https://x.com/1o_yyb/status/1973932086617931869?s=46,"実は、男性が振った方が復縁の確率ってめちゃくちゃ高いんだよね。なぜなら、振った側は「自分が終わらせた」という罪悪感や責任を抱えるから。女性は冷めたら戻らないけど、男性は自分で手放した相手にほど「本当にあれでよかったのか？」と後から何度も考えてしまう。だから
─────────────────────────
未練が再燃する余白があるんです。特に回避型の男は、感情を持て余して「これ以上関わったら壊れる」と思い込み、衝動的に別れを選びがち。でも本音を抑え込んだままだから、後からじわじわ後悔が出てくる。「好きなのに自分から突き放した」この矛盾が、彼の中に強い葛藤を残すんです。大事なのは、
─────────────────────────
そんな彼の“仕組み”を正しく知ること。行動や言葉だけを見て悩むより、心理構造を理解した方がずっとラクだし、結果的に彼から「やっぱり戻りたい」と思われる存在になれるはずです。そのためのヒントはこちらにまとめました👇","凪｜回避型男の本音
@1o_yyb",超メンヘラの彼女と遠距離から復縁した回避型男
https://x.com/1o_yyb/status/1971545368480653645?s=46,"これ女性は恐らく知りませんが、男性って実は「別れた直後よりも時間が経ってから未練が強くなる」ことが多いんです。なぜかというと、別れ際の男は感情を整理できていなくて「逃げたい」「楽になりたい」という衝動だけで動いてるから。特に回避型は感情処理が苦手で、
─────────────────────────
相手を嫌いになったわけでもないのに距離を取ってしまう。そのときは「これで正解だ」と思い込むけど、静かになった時にようやく「失ったものの大きさ」に気づくんです。僕自身、振った直後は解放感を感じたのに、彼女がいない現実が当たり前になるほど
─────────────────────────
「なんであんな大切な人を手放したんだろう」と後悔しました。つまり、彼が黙っているのは心の整理に時間が必要だからで、そこで追いかけてしまうと処理が終わらないまま関係が壊れてしまう。でも心理構造を知って適切な距離を取れれば、
─────────────────────────
彼は安心して気持ちに向き合えるようになる。結果、「やっぱり戻りたい」と彼の方から動いてくる未来につながるんです。そんな幸せな復縁を目指したい人はぜひこちらをチェックしてみてください👇","凪｜回避型男の本音
@1o_yyb",超メンヘラの彼女と遠距離から復縁した回避型男
https://x.com/1o_yyb/status/1963211828215132566?s=46,"回避型の男って、本当にバカだから愛されていた実感に気づくのが本当に遅いんですよね。優しくしてくれた人、受け止めてくれた人、その大切さに気づいたときにはもう関係が終わっていたなんてこともよくある。僕の彼女は復縁する前はここでは言えないほどのメンヘラだった。でも結局それは僕が
─────────────────────────
曖昧な態度を取ったり、逃げたりしたせいだったんですよね。気づいたら彼女のその愛が重いとかしんどいと感じるようになって音信不通にして離れようとしました。でも別れを選んだのは彼女を嫌いになったからではなく「このまま一緒にいたら、応えられない自分に嫌気がさす」と
─────────────────────────
思い込んでしまったから。でも別れてからどれだけ彼女が自分のことを思ってくれていたか、本当に大事にしてくれていたかっていうことに気づきました。しかし気づいたときにはもう自分からは連絡できなかった。申し訳なさとか、どう返せばいいのかわからない気まずさとかが重なって、
─────────────────────────
動けなくなっていたんです。回避型って、実はそういう“後悔型”でもあるんです。そのときは感情を処理しきれずに別れを選んでしまっても、後からじわじわと本当の気持ちに気づいていくことが多い。でもそんな自分を言葉にするのが苦手だから沈黙したまま戻ってこられない。だからこそ、元彼の気持ちを
─────────────────────────
“沈黙＝冷めた”と決めつけないことが大事なんです。大切なのは、回避型の心理構造を正しく理解すること。逃げるのは気持ちがないからじゃなくて、向き合う自信がないからってことがほとんど。その背景にある自己否定や不安まで読み取れるようになれば、
─────────────────────────
彼の態度の意味がまったく違って見えてきます。本当は彼も手放したあなたの優しさをずっと思い出しているかもしれません。ただ、それを表に出せずにいるだけなんです。そんな彼の動かない本音を掴むための考え方は↓
─────────────────────────
さらに以下はお得に回避型の心理構造を網羅的に知れるマガジンとなっています。こちら今週の日曜までの公開で次回は不定期なので気になる方はぜひこちらからチェックしてみてください↓",,超メンヘラの彼女と遠距離から復縁した回避型男
https://x.com/momo_fukuen/status/2043253287835554137?s=46,一度別れても『本当に縁がある相手』なら絶対に戻れるよ。今は信じられないかもだけど、どんなに最悪な別れ方してもほんとに何とかなるから大丈夫。私も彼に突き放されたときは絶望したけど、諦めなかったから今も彼に隣にいられてる。諦めずに行動すれば、運が味方してくれる瞬間が必ずくるからね。,"もも｜回避型彼氏と復縁
@momo_fukuen
",回避型彼氏に振られたメンヘラが復縁成功/復縁する方法や関係修復のコツをつぶやいてます
https://x.com/momo_fukuen/status/2043520114201620579?s=46,"男が別れを決めるとき「冷めた」より圧倒的に多いのが『愛が強くなりすぎた』だよ。男が完全に冷めるのはレアケース。「彼女を不安にさせてるのがつらい」「期待に応えられない自分が嫌だ」が真実なんだよね。特に回避型はこの気持ちが強くて、愛が深くなったからこそ彼女のために別れを選ぶ。実際、
─────────────────────────
私が振られた理由も、彼の「男としての自信」が折れたからだった。私が不安をぶつけたせいで彼のプライド傷つけたんだよね🥲それでもやり直せたのは完全に放置しなかったから。「彼女のため」って思い込んで別れた彼が自分から連絡してくるわけがない。数ヶ月冷却期間を置いたら気持ちも情も冷めるし、
─────────────────────────
「別れて正解だった」に落ち着く。その前に『回避型が返しやすいLINE』で距離を縮める。実際私も1ヶ月でやり直せたし、進展した／復縁した報告も沢山いただいてる。復縁にLINEは必須。だからこそ、そこさえ押さえたら勝ち。あとは勝手に進展するからね『回避型向けLINE術』👇","もも｜回避型彼氏と復縁
@momo_fukuen
",回避型彼氏に振られたメンヘラが復縁成功/復縁する方法や関係修復のコツをつぶやいてます
,,,
https://x.com/momo_fukuen/status/2000036154457108893?s=46,"男性って元カノを絶対忘れないからね。私たち女性には信じられない感覚だけど、男性にとって元カノっていつまでも『特別な存在』。特に回避型の男性は自分の弱い部分を見せられる相手が極端に少ないから、元カノへの執着が残りやすいみたい。でも男心って複雑で、別れてから時間が経ちすぎると、
─────────────────────────
「元カノは特別だけどいまさら戻るのはちょっと違う」って過去の恋として処理される。ここらへんも女性と感覚が違うよね🥲私は『過去の恋』になるのが嫌で長い冷却期間とらずに動いたけど正解だった。彼が吹っ切れる前にLINEして少しずつ信頼回復させたの。私が復縁のためにやったことはシンプルで、
─────────────────────────
『回避型の心を開く戦略』を立てて、それ通りに動いただけ。戦略があれば感情で動いて失敗することがないし、彼の未練を最大限に引き出せて復縁に近づく。復縁は『正しい戦略』を知ってるかどうか。それだけでかなり有利になるからね。『回避型の心理に合わせた復縁戦略』は👇","もも｜回避型彼氏と復縁
@momo_fukuen
",回避型彼氏に振られたメンヘラが復縁成功/復縁する方法や関係修復のコツをつぶやいてます
https://x.com/momo_fukuen/status/2044607297423630690?s=46,"回避型の「別れよう」は本気の決意じゃなくて、ただの『一時避難』。普通の男性は完全に気持ちが冷めて別れを切り出すけど、回避モードの男性は「好きだけど今は無理かも」って気持ちで別れる。彼女への気持ちはむしろ強くなってるからこそ「これ以上傷つけたくない」って思うんだよね。振ったのに、
─────────────────────────
ブロックしないのは彼自身も「また戻るかもしれない」って考えてる証拠。でも冷却期間をとりすぎると復縁率が一気に下がるから要注意🥲ブロックしてくる男性には冷却期間が必要。でも一時的な回避モードで別れた彼を放置しすぎると「別れた方がラク」って確信して情も薄れてく。ほんとに必要なのは、
─────────────────────────
冷却期間じゃなくて『殻にこもった回避型の心を開くこと』だよ。冷却期間でうまくいかなかった人ほど『回避型の心理』に合わせて動くだけで一気に進展する。突き放すのにブロックしない回避型ほど心を開けば簡単に戻ってくるからね。殻にこもった回避型の心を開く復縁戦略は👇","もも｜回避型彼氏と復縁
@momo_fukuen
",回避型彼氏に振られたメンヘラが復縁成功/復縁する方法や関係修復のコツをつぶやいてます
https://x.com/momo_fukuen/status/2042799048990826765?s=46,"ぶっちゃけ、振った男が1番後悔する別れって『一途に尽くしてくれた子を手放した別れ』だよね。振った側が男だと復縁率が高いは、一途な彼女に無意識に依存や執着をしてるから。特に回避型は『深い愛に飢えてる』から愛してくれた人を完全に手放せない。復縁した彼が「俺には無理と思って振ったのに、
─────────────────────────
別れた直後から後悔と罪悪感がすごかった」って言ってた。でも戻りたいなんて言えないのが男心。自分の勝手で本命を振り回したくないから気軽に前言撤回できないんだよね🥲だから私は『戦略的に彼の未練を引き出す関わり方』を徹底した。こっちの気持ちを伝えて復縁できるほど簡単じゃない。でも、
─────────────────────────
彼の中にある未練を引き出すような関わり方なら、こっちが受け身でもとんとん拍子で進展する。「会いたい」「復縁したい」みたいな嫌われるリスクが高いことを伝えなくても『正しい戦略と関わり方』だけで男は勝手に動き出すからね。『回避型の未練を引き出す復縁戦略』は👇","もも｜回避型彼氏と復縁
@momo_fukuen
",回避型彼氏に振られたメンヘラが復縁成功/復縁する方法や関係修復のコツをつぶやいてます
https://x.com/in_50man/status/1893460012095426933?s=46,"男性は1度冷めても惚れ直すから全国の復縁を目指す女子は諦めなくていいよ。私の彼も別れ際は「二度と会わない」ってキレ気味で言ってきたけど、今となっては彼の方が私に溺愛してる。だから今、彼に冷たくされて病んでる女性も落ち込まないで。正しく行動すれば復縁は叶うから。
─────────────────────────
「冷却期間を取っても復縁出来ない」という現実について無料noteを書かせて頂きました。

復縁した私だからこそ語れるリアルな意見を書きました。無料でサクッと読めるのでぜひ読んでみてください👇🏻","復縁みるく
@in_50man",メンヘラが原因で誕生日に振られたけど、そこから1ヶ月で復縁 / 短期間で復縁出来た理由を日々呟く / 現在復縁して2年目
https://x.com/in_50man/status/1903337831138988128?s=46,"「この人と結婚する」って本気で思ってた相手に振られて1人になるって本当に辛いことだよね。すぐに立ち直れなくても、すぐに他の人に目が向かないのも当たり前。復縁を望むことも、復縁に向かって頑張ることも素敵だしすごいこと。
─────────────────────────
私はなんの前触れもなく別れを告げられて本当に病んだけど1ヶ月で復縁できた。私がした行動はここにまとめてます↓","復縁みるく
@in_50man",メンヘラが原因で誕生日に振られたけど、そこから1ヶ月で復縁 / 短期間で復縁出来た理由を日々呟く / 現在復縁して2年目
https://x.com/in_50man/status/1912433784894681301?s=46,"男性って別れてから少し経つと急に「戻りたい、元カノ懐かしい。」ってなるらしい。でも縋られてたらそんな感情にならない。だから元彼に復縁を意識させたいならあっさり引くべきなんだよね。連絡しない期間が不安なのは分かるけど、元カノを忘れる男は絶対居ないから安心して🥺
─────────────────────────
元彼の行動の意味とか、元彼の心理とか分からなくて不安な方はこれ読んでみて↓","復縁みるく
@in_50man",メンヘラが原因で誕生日に振られたけど、そこから1ヶ月で復縁 / 短期間で復縁出来た理由を日々呟く / 現在復縁して2年目
https://x.com/in_50man/status/1900816234029216110?s=46,"復縁が出来ない理由って「可愛くないから」とか「今カノの方が可愛いから」みたいな理由じゃないの。単純に執着とネガティブな感情がオーラに出てるから魅力が半減してるだけ。1度惚れさせた相手なんだから自分磨きして自信を取り戻せば、こっちがビビるレベルですぐに戻ってくるよ。
─────────────────────────
私は振られた時に「もう会わん連絡してくんな」って言われたけど、1ヶ月で復縁できた。その時のLINEとかも見せつつ、私が取ってた行動を解説してます👇🏻","復縁みるく
@in_50man",メンヘラが原因で誕生日に振られたけど、そこから1ヶ月で復縁 / 短期間で復縁出来た理由を日々呟く / 現在復縁して2年目
https://x.com/in_50man/status/1884147632194609579?s=46,"意外かもしれないけど、「プライドの高い元彼相手」の方が復縁の成功確率は高いんです。

直感的なイメージだとプライドの高い元彼は、「1度別れた相手に興味湧かなさそう」って思うかもだけど実は違う。

プライドの高い男性相手の方が復縁しやすい理由を解説しますね。
─────────────────────────
プライドの高い男性相手の方が復縁しやすい理由の1つは、「異性関係の少なさ」です。

プライドの高い男性って気軽に女性にアプローチしないから、別れた後に女性関係が0になることが多いです。

そうなると、元カノのことを考え、寂しくなることが多いです。

そして、2つ目が（続く↓）
─────────────────────────
「元カノを下に見てた可能性が高い」ということです。

プライドの高い男性は付き合ってる頃から彼女を下に見てた可能性が高いです。

その分、その元カノが別れた後に楽しそうにしてると急にプライドが傷つけられます。

その気持ちって本人は気づいてないけど、独占欲なんですよね。（続く↓）
─────────────────────────
なので、時間が経つにつれて相手の方から小さめのアプローチをしてくる可能性が高いです。

大した用じゃないのにLINEとかしてきたら脈アリですね。

私の彼もプライドが高かったおかげで復縁しやすかったです。私が復縁できた理由を詳しくまとめたnoteはこちら👇🏻","復縁みるく
@in_50man",メンヘラが原因で誕生日に振られたけど、そこから1ヶ月で復縁 / 短期間で復縁出来た理由を日々呟く / 現在復縁して2年目
https://x.com/in_50man/status/1875101291783073951?s=46,"振った側って最初こそ解放感を感じるけどその後絶対後悔は残るんだよね。だから復縁って誰にでも可能性あるわけだし、今冷たくされてるからって諦める必要無い。私も別れ際は｢一生会いたくない｣っ言われたけど復縁できた。諦めなきゃチャンスはある。
─────────────────────────
元彼の態度を1ヶ月で激変させ、復縁を成功させた方法はこちらにまとめました↓","復縁みるく
@in_50man",メンヘラが原因で誕生日に振られたけど、そこから1ヶ月で復縁 / 短期間で復縁出来た理由を日々呟く / 現在復縁して2年目
,,,
https://x.com/momo_fukuen/status/2042574054000071075?s=46,"意外かもだけど、男は『元カノへの未練が強すぎると沈黙する』生き物。復縁した回避型の彼いわく「男は未練ない方が普通に返信できるし会える。振ったのに気持ちが残ってたら、戻りたくても罪悪感が邪魔する。元カノの幸せ願って大切に思ってたら責任感じて簡単に動けないよ」ってことらしい。だから、
─────────────────────────
『連絡が来ない、冷たい＝脈なし』って落ち込む必要は一切ないよ。私も彼に冷たくされたし既読無視された。でも『回避型の心理』に合わせて焦らず距離を縮めたの。気まずさを抱える回避型に「落ち着いたらご飯行こう」みたいな反応に困るLINEは絶対NG。最悪ブロックor無視される率高め。そのかわり、
─────────────────────────
『回避型が心理的に返信しやすいLINE』を定期的に送るだけでいい。私がやったのはそれだけ。放置だと彼の罪悪感や気まずさは強くなって復縁が遠ざかる。でも『回避型の心理に合わせた戦略』で動けば、彼の態度が180度変わって復縁率があがるからね。回避型向けの復縁戦略は👇","もも｜回避型彼氏と復縁
@momo_fukuen",回避型彼氏に振られたメンヘラが復縁成功/復縁する方法や関係修復のコツをつぶやいてます
https://x.com/haru_motokare/status/2044954071405302251?s=46,"「振った男ほど元カノに未練たらたらになる」っていうのはマジです。女性は時間が経つほど元彼を忘れますが、男は逆なんですよ。別れを切り出した側って罪悪感があるから、余計に相手のこと忘れられないんですよね。時間が経つほど「俺のせいで傷つけちゃったな」とか後悔が湧いてくるんです。だから、
─────────────────────────
振った男には確実に未練が残ってます。それなのにずっと彼が冷たい原因はたった一つ。未練があっても復縁するほどではないから。男の「未練がある」と「復縁したい」は別物です。冷却期間で男の未練を引き出すことはできても「復縁したくなるほど心を揺さぶること」をはできません。いま足りないのは、
─────────────────────────
「男にぶっ刺さる戦略的なアプローチ」だけ。ここで彼の「追いたい本能」を刺激するだけでOKです。その途端、立場が逆転して冷たかった彼が急に追いかけてくるようになる。未練があるはずなのに動かない元彼の「追いたいスイッチ」を押せば、復縁はすぐですよ。その方法は↓","はる@元カレの本音
@haru_motokare",振った彼女の策略にまんまと乗せられて復縁した男。
https://x.com/8_ludr7/status/2044589479235907624?s=46,"男が回避型の場合、復縁の可能性はマジで高い。回避型の男って一見冷たくて感情がなさそうに見えるけど実は誰よりも愛情深くて繊細。好きな人に対してこそ「嫌われたくない」「期待に応えられないかも」と
─────────────────────────
怖くなって距離を取る。僕もそうだったけど、相手を大切に思うほど素直になれなくなるんです。だから別れた直後は解放されたように見えても、時間が経つと“失った現実”が心に刺さる。思い出を手放せず、ふとした瞬間に戻りたい気持ちがぶり返すのが
─────────────────────────
回避型の特徴。冷たくなったり黙るのは、気持ちを整理できていないだけ。ちゃんと心理を理解すれば、彼がまたあなたを思い出すきっかけをつくれます。彼の中で「やっぱり戻りたい」と思わせたい人は👇","シン｜回避型元彼の心理
@8_ludr7",1回目は喧嘩別れ、2回目は「もう連絡して欲しくない」と突き放し既読無視を半年間し、その後に元カノに復縁を求めた回避型の男
https://x.com/8_ludr7/status/2040769116815204673?s=46,"回避型の男って気持ちが薄れたから離れるんじゃなくて、気持ちが大きくなったときほど動けなくなるんだよね。好きになるほど期待に応えられる自信がなくなって、下手に関わってまた傷つけるくらいなら距離を取ろうって考えてしまう。だから既読無視や急な冷たさは、「嫌いになったサイン」じゃなくて
─────────────────────────
「好きだから怖くなったサイン」だったりするんですよ。僕自身も彼女に対して「こんな自分じゃ幸せにできない」って勝手に決めつけて、連絡を返せなくなった時期があった。相手は何も悪くない、全部自分の中の怖さが原因だったんですよね。だから「私のどこがダメだったんだろう」とか
─────────────────────────
「もっとこうすればよかった」って自分を責めてる女性に伝えたいのは、あなたのせいじゃないってこと。ただ1つ気をつけてほしいのは、この心理を知らないまま「もう一度ちゃんと話したい」「気持ちを確かめたい」と直球で向き合おうとすると、
─────────────────────────
回避型の男はさらに深く閉じてしまいます。それどころか、誠実に向き合おうとすればするほど距離が広がってしまうことが多い。彼の防衛本能をそっと外して「やっぱりこの人といたい」と思わせることができれば、彼の方から「また会いたい」と動き出してくれる。その方法は👇","シン｜回避型元彼の心理
@8_ludr7",1回目は喧嘩別れ、2回目は「もう連絡して欲しくない」と突き放し既読無視を半年間し、その後に元カノに復縁を求めた回避型の男
https://x.com/reuni10v/status/2035547873031684461?s=46,"男は、「連絡が続いている＝関係が進んでいる」とは思っていない。なぜなら、男はやり取りと恋愛感情を分けて考えることができるから。暇だから返すこともあるし、居心地がいいから続けることもある。それは恋愛として見ているかどうかとは別の判断で決まっている。つまり、連絡の継続と好意の強さは、
─────────────────────────
実は一致しない。男が見ているのはやり取りの頻度ではなく、その相手を恋愛として選ぶかどうか。つまり必要なのは、彼がどんな基準で恋愛対象を判断しているのかを理解すること。男性心理を知ることで初めて、連絡の表面に振り回されずに関係を見極められるようになる。
─────────────────────────
この「連絡が続いてる＝脈ありとは限らない」って話、彼側の心理を正しく理解できてる人ほぼいない。だから、返信が来るだけで期待して、来なくなったら不安になって、また追って…って同じループにハマる。彼からは連絡が来ない理由は、以下でまとめてるから読んでみて↓","ななせまる｜元彼視点・心理
@reuni10v",自分から振ったくせに復縁した人。実体験の“元彼”の本音・心理をぶっちゃけます。復縁婚（3年目）。
https://x.com/reuni10v/status/2034576232986382469?s=46,"男は、「連絡が来るかどうか」で気持ちを判断しているわけじゃない。なぜなら、男は連絡と好意を切り離して考えることができるから。気持ちがあっても連絡しないことはあるし、逆に気持ちがなくても連絡を続けることもある。つまり、連絡の有無と好意の強さは一致しない。この構造を知らないと、
─────────────────────────
「連絡がある＝脈あり」と解釈してしまう。でも男が見ているのはやり取りではなく、その関係に恋愛として意味があるかどうか。つまり必要なのは、彼がどの段階で恋愛対象として見るのか、その判断基準を理解すること。男性心理を知ることで初めて、連絡に振り回されずに関係を見極められるようになる。
─────────────────────────
この話かなり重要で、「連絡＝気持ち」って思ってる限り、ずっと判断ズレる。

・なぜ彼から連絡が来ないのか
・どの状態だと連絡するのか
・どうすれば“待つ側”から抜けられるのか

このあたりを以下で全部まとめてる。感情で動くと、即ブロック対象に入るのですぐ読んで↓","ななせまる｜元彼視点・心理
@reuni10v",自分から振ったくせに復縁した人。実体験の“元彼”の本音・心理をぶっちゃけます。復縁婚（3年目）。
https://x.com/reuni10v/status/2033360714250002925?s=46,"男は、「好きだった相手」と簡単に友達みたいな関係には戻れない。なぜなら、男の中では恋愛とそれ以外の関係がはっきり分かれているから。一度恋人として見ていた相手を、急に“ただの人”として扱うのは意外と難しいんだよな。だから距離を取ることも多い。この仕組みを知らないと、
─────────────────────────
「嫌われたのかも」と感じてしまう。でも実際に起きているのは感情の消失ではなく、関係の整理。必要なのは、彼がどうやって恋愛としての認識を持ち、どういうきっかけでその見方が変わるのかを理解すること。男性心理を知ることで初めて、関係の見え方そのものを動かせるようになる。
─────────────────────────
復縁って、「気持ちがあれば戻れる」と思われがちだけど、実際はかなり“構造”で決まる。男は感情よりも、自分の中で納得できるかどうか、同じことが起きないか、関係がどう動くかを見てる。だから、想いを伝えるだけでは状況は変わらない。逆に、男性心理の仕組みを理解して行動を変えた人は、
─────────────────────────
驚くほどスムーズに関係が動くことがある。だからこそ、難しいテクニックではなく、男がどう考え、どんな条件で動くのかをシンプルに整理した復縁戦略を作ってみた↓
自己流で動いて復縁の可能性をゼロにしたくない人は、一度目を通しておいて損はないと思う。","ななせまる｜元彼視点・心理
@reuni10v",自分から振ったくせに復縁した人。実体験の“元彼”の本音・心理をぶっちゃけます。復縁婚（3年目）。
https://x.com/reuni10v/status/1955899693797405001?s=46,"復縁して分かったんだけど、「未練が残るのは男」って話は本当。別れた当初は、これでよかったって思ってたのに、他の人と付き合った時、無意識に元カノと比べてしまってた。その時初めて、彼女の価値の大きさに気づいた。だからもし今不安でも、彼の中にはあなたの価値がちゃんと刻まれてると思う。
─────────────────────────
それでも、「どうしても彼のことで頭がいっぱいになって動けない…」って人は、男性心理を知るといいかも。これだけで、「どうすれば彼にまた興味を持たれるか」が自然と見えてくるようになる。これで前向きに復縁に向き合えた人は多いので。男性心理を使った関係の進め方は👇","ななせまる｜元彼視点・心理
@reuni10v",自分から振ったくせに復縁した人。実体験の“元彼”の本音・心理をぶっちゃけます。復縁婚（3年目）。
https://x.com/reuni10v/status/1954727477395534252?s=46,"振った側の男目線でいうと、復縁は「追い続ける」だけでも「放置」だけでもうまくいかないと思う。彼を惹きつけ続けるには、押し引きを使い分けることが大事だから。やっぱり、追い続けるだけだと彼は疲れて距離を置くし、放置しすぎると気持ちは離れる。だから、
─────────────────────────
余白を与える「引く」と、安心やつながりを与える「出す」を、彼の心理状態に合わせて使い分ける必要があるんだよな。感覚では失敗しやすいけれど、心理状態を見極めて動けば、自由を感じさせながら心をつなげる。そうすればまた長く愛される関係を作れると思う。その方法👇","ななせまる｜元彼視点・心理
@reuni10v",自分から振ったくせに復縁した人。実体験の“元彼”の本音・心理をぶっちゃけます。復縁婚（3年目）。
https://x.com/reuni10v/status/1943312756259852521?s=46,"断言するけど、振った側も、あとから復縁したくなる瞬間はあるぞ。でもタイミングがズレる。だいたい振った側が少し遅い。振られた側が焦って動いた時、振った側はまだ“終わったモード”なんだよな。だからこそ焦らず待てた人だけが戻れる
─────────────────────────
復縁を叶えてる人は、「彼の気持ちが戻るタイミング」をちゃんと理解してる。感情よりも、男性心理とタイミングを知って動くべき。この視点があるかどうかで、結果は全く変わる。復縁したいなら、まずは「彼が戻りたくなる瞬間」を知ることから↓","ななせまる｜元彼視点・心理
@reuni10v",自分から振ったくせに復縁した人。実体験の“元彼”の本音・心理をぶっちゃけます。復縁婚（3年目）。
https://x.com/reuni10v/status/1939520715688210798?s=46,"男って自分から振った相手でも「今どんなふうに変わったんだろう」って、どこか気になってる。それは未練じゃなく純粋な好奇心。でもその好奇心が「また会ってみたい」って気持ちに変わることもあるんだよな。だからこそ追いかけるより「変わった自分」を見せる方が効く。俺も実際それで惹かれ直した。
─────────────────────────
男は「変わった元カノ」を見たときに、無意識に心を動かされる。それは好意じゃなくても、本能的な反応だったりする。そのタイミングでどう動くかで、復縁できるかどうかは決まる。

実際に復縁した方も多数！【相談サービス付き】男性心理を駆使した復縁戦略↓","ななせまる｜元彼視点・心理
@reuni10v",自分から振ったくせに復縁した人。実体験の“元彼”の本音・心理をぶっちゃけます。復縁婚（3年目）。
https://x.com/renai_tea/status/1966073480971005972?s=46,"別れてすぐの頃は「復縁なんて絶対無理やん」って半分思いながら彼に縋ってたけど、彼と距離を取って自分磨きに集中し始めたら「いやいや、私みたいにこんないい女捨てるとか元彼センス無くね？」って思うようになったんだよね。そしたら元彼の方から連絡きたの。やっぱり執着無く、自信に溢れた女性に男性は惹かれるんだよね。
─────────────────────────
でもその執着を無くすってことが難しいと思う。毎日不安で寝れなくてご飯も食べれなかったから分かる。だからこそ、復縁までの歩み方をまとめたから不安で眠れない人は固ツイのnote読んでみてね。きっと復縁への希望が見えてくるはずです。","てぃあ
@Renai_tea",4年かけて復縁→結婚した経験から得た知見や価値観を綴ってます / 1年間で120名以上の復縁をサポート🌼
https://x.com/u_ne_c/status/1932363510249644441?s=46,"私の経験上、復縁成功するのは「外見を磨いた女性」でも「内面を磨いた女性」でもなくて「今の彼も今の自分も受け入れている女性」。彼を憎んでたり、悲観的になった時点でどんなに自分磨きしようとしても成長や魅力は伝わらない。復縁を成功させるためには失恋の苦しみから一旦解放される必要があるんだと思う。
─────────────────────────
引きずって生きてる女性で復縁が上手くいってる人はあんまり見たことなくて、どっちかと言えば元彼の存在を忘れかけてる女性の方が復縁してる。前向きな気持ちは人を惹きつけるしネガティブなオーラはマイナスな出来事を引き付けちゃう。いつも不安ですぐネガティブになる人はこのnoteの特典の個別相談利用してみて。不安な時は私に直接相談しに来てね
↓↓↓","みいこ｜復縁→8年目🕊
@u_ne_c",遠距離×LINEブロの地獄から復縁を叶えて8年目
https://x.com/u_ne_c/status/1913791481279561728?s=46,"私の経験上、復縁で1番多いのは『男が振って男が復縁を迫る』っていうパターン。男性って女性とは違って、1度冷めても『惚れ直す』っていうことが全然あるの。だから、冷められて振られた場合でも復縁の可能性は全然あるから安心して。
─────────────────────────
最近もフォロワーさんから復縁報告いただきました。復縁って正しい方法を知ってたら確率を高めることは出来る。メッセージの内容まで解説してるからこのnote1つあれば復縁に大きく近づきます↓","みいこ｜復縁→8年目🕊
@u_ne_c",遠距離×LINEブロの地獄から復縁を叶えて8年目
https://x.com/kei_zoon/status/2018927750606901547?s=46,"復縁出来る女性って元彼に「失った」って思わせてるんだよね。「別れた後はダラダラ連絡せずに距離を置く」「自分からは絶対に連絡しない」これを意識してれば元彼は自然に「恋人を失った」って感覚になって後悔し始める。つまり、関係をリセットすることで復縁は上手くいくってこと
─────────────────────────
とはいえただ単に何も言わずに引いたり冷却期間を置いても復縁のきっかけは掴めない。復縁できる女性は自分から追わないけど｢追われるきっかけ｣を作ることができる。その作り方を知らない限り彼に新彼女ができるのを黙って待つだけになる。それが嫌ならこれを読んで","ひるね｜元彼の本音
@Kei_zoon",振った彼女に自分から告白し復縁。元彼の本音、復縁の真実を伝える。復縁したい女性はハイライト必読。
https://x.com/kei_zoon/status/2010204520744398938?s=46,"これあんまり言いたくないんだけど、裏で「元カノと復縁したい」って言ってる男ってめっちゃいる。でも、男って謎にプライド高いから大抵、自分から連絡出来ない。そういう場合って女性側から連絡しないと、何も進まないんだよね。時には待つだけじゃなく、動くことも大事ってこと。
─────────────────────────
とは言ってもこれタイミングむっちゃ大事なんよね。男って基本、上手くいってる時にアプローチしても寄ってこない。調子乗ってるから。だから復縁を迫るなら気落ちしてる時。具体的に話すと長くなるからここから確認してみて↓↓↓","ひるね｜元彼の本音
@Kei_zoon",振った彼女に自分から告白し復縁。元彼の本音、復縁の真実を伝える。復縁したい女性はハイライト必読。
https://x.com/ddk1_01/status/2044606074289041837?s=46,"復縁した彼が言ってたけど『男は好きすぎて別れる』ということをしちゃうらしい。好きだから幸せにしたい、でも自分にはできないって思い詰めた結果、別れを選ぶことで相手を解放しようとするんだよね。つまり振られたのって嫌いになったからじゃなくて、好きだったからこそ限界が
─────────────────────────
きた証拠だったりする。ただそれを知らないと、冷めたから別れたんだって思い込んで、もう一度好きになってもらおうと必死にアピールするLINEを送ってしまうんだよね。私も別れた直後に気持ちをぶつけ続けて、後から彼に「あの時期が一番しんどかった」って言われた。好きだから別れたのに、
─────────────────────────
好きって伝えるほど追い詰めてたんだって気づいた時はかなり反省した🥲好きすぎて別れた彼が戻ってくるには、また一緒にいても大丈夫だって感じさせる距離感と関わり方が必要。それができると自分から連絡してくる流れが生まれてくるよ。その方法は👇","R
@ddk1_01",既読無視からのLINEブロック状態の回避型彼と復縁成功した20代OL
https://x.com/ddk1_01/status/2043886751333360099?s=46,"男が別れた後に沈黙するとき「どうでもよくなった」より多いのが『連絡したら全部崩れそうで動けない』なんだよね。気持ちが残ってるからこそ、一度動いたら止まれなくなる気がして手が出せない状態だったりする。理由ははっきりしてて、回避型の男って感情がコントロールできなくなることを
─────────────────────────
一番恐れてるから。沈黙は無関心じゃなくて、自分の気持ちと向き合うのが怖くて固まってる状態なんだよね。ただここで厄介なのが、沈黙してる彼に連絡しても返信がないと「久しぶり！元気？」「最近どうしてるの？」って様子見LINEを重ねてしまいがちなこと😭でもそれって回避型には顔色を
─────────────────────────
伺われてる圧として届いて、崩れることを恐れてる彼が余計に深く沈黙する方向に動いてしまうんだよね。私も返事がないのに追撃して自分でも引くくらい連絡してた時期があった。後から思うと彼が一番動けなくなってた時期に、動けない理由を積み上げてただけだったんだよね。大事なのは
─────────────────────────
様子見LINEじゃなくて、固まってる彼が思わず反応してしまうくらいプレッシャーのない一言を送れるかどうか。それができると沈黙してた彼が自分から動き出すのは意外と早いから。回避型の元彼に「やり直したい」と言わせたい人は👇","R
@ddk1_01",既読無視からのLINEブロック状態の回避型彼と復縁成功した20代OL
https://x.com/ddk1_01/status/2043664631152214344?s=46,"男の別れ際の冷たさは、嫌いになった証拠じゃない。決断を貫くために感情を封印した結果が、あの態度として出てくるだけ。理由ははっきりしてて、男って別れを切り出す時に感情を出したら決断が揺らぐってわかってるから、意図的に冷たくするんだよね。つまりあの冷たさって
─────────────────────────
気持ちがなかった証拠じゃなくて、気持ちがあったからこそ必要だった鎧だったりする。ただそれを知らないと、別れ際の冷たさだけが頭に焼きついて「あんな顔で別れを告げた人が戻ってくるわけない」って思い込んでしまいがち😭私も別れ際の彼の表情が忘れられなくて、あんなに冷たかったのに
─────────────────────────
復縁なんて無理だって長い間諦めてた。でも実際は感情を封印してただけで、気持ちは全然消えてなかったって後から知って。あの時期にもっと早く動いてたらって今でも思うんだよね。封印してた感情が解けると、男って自分から動き出すのが意外と早い。そのために
─────────────────────────
必要なのは責めることでも引き止めることでもなくて、封印を解いても大丈夫だって感じさせる関わり方。それができると別れ際があんなに冷たかった彼が自分からやり直したいって言い出すんだよね。回避型の元彼と復縁するための『元彼攻略術』は👇","R
@ddk1_01",既読無視からのLINEブロック状態の回避型彼と復縁成功した20代OL
https://x.com/ddk1_01/status/2043239446582280212?s=46,"元彼に追いLINEして関係壊れたと思ってても挽回はできるよ。私は昔メンヘラ全開で既読ついた瞬間に長文送ったり、返信ないのに追撃したりして自分でも引くレベルで暴走してた。案の定、彼に距離を取られたけど、そこから関係が持ち直した。追いすぎてもその後の行動次第で変えられるから大丈夫😌
─────────────────────────
何よりも大事なのは過去にどれだけ追いかけたかじゃなくて、今から何を変えるか。回避型の彼って印象は上書きできるタイプだから、関わり方を変えた瞬間から空気感って変わり始めるんだよね。ただ「変えなきゃ」と思っても、具体的に何をどう変えればいいかわからなくて止まってる人が多い。回避型には
─────────────────────────
回避型特有の地雷があるから、普通の感覚で動くと逆効果になることも多いんだよね。でも彼の地雷にならずにかかわる方法を知れば、追いすぎた過去があっても関係は十分立て直せる。回避型の元彼と復縁したい人は👇","R
@ddk1_01",既読無視からのLINEブロック状態の回避型彼と復縁成功した20代OL
https://x.com/ddk1_01/status/2043166324466319635?s=46,"回避型と復縁して一番驚いたのは、既読無視が当たり前の彼が既読即返信になったこと。別れる前は返信が来るまで何日も待って、それでも来ないことの方が多かった。でも今は送ったら数分で返ってくる。何が変わったかって、彼じゃなくて私の動き方が変わっただけなんだよね。回避型って実は
─────────────────────────
返したい気持ちがないわけじゃなくて、返しづらい空気を感じると固まってしまうタイプだから。だから一生懸命送っても反応がないのって、気持ちがないんじゃなくてLINEの温度感がずれてるだけ。ただそれを知らないと反応がないたびに不安で同じような内容を重ねてしまいがち。送れば送るほど
─────────────────────────
彼の中で返しづらい空気が固まっていくんだよね。大事なのは頻度でも熱量でもなくて、彼が思わず返したくなる言葉の選び方と空気感。そこを変えるだけで既読無視の状態から流れって意外と早く動き始める。『回避型の元彼に送ると効果的なLINE』は👇","R
@ddk1_01",既読無視からのLINEブロック状態の回避型彼と復縁成功した20代OL
https://x.com/ddk1_01/status/2041852299056968014?s=46,"回避型の男が一番戻りたいと思うのは『自分の不器用さを全部知った上でそれでもいいと言ってくれる女性』。既読無視しても、冷たくしても、それでも離れなかった記憶って彼の中で特別な重さを持つんだよね。だからあなたが感じてきたしんどさって、実は彼にとって一番の武器になってるんだよね。ただ
─────────────────────────
それを知らないと、不器用な彼に合わせ続けた自分を責めて、もう疲れたって連絡をやめてしまいがち。回避型って元カノが追ってこなくなった瞬間から、失ったものの大きさに気づき始めるタイプだから、そこで完全に沈黙すると戻りたい気持ちが行き場をなくして時間だけが過ぎてしまうんだよね。私も
─────────────────────────
もう関わり方がわからなくて感情的なLINEを送り続けてた。今思うとそれが一番彼の不器用さを刺激して、余計に殻に閉じこもらせてた。不器用な彼でも隣にいられる、そう感じさせる関わり方をできるかどうかが大事。それができれば復縁したいと思わせることも可能。その方法は👇","R
@ddk1_01",既読無視からのLINEブロック状態の回避型彼と復縁成功した20代OL
https://x.com/ddk1_01/status/2041711027923120614?s=46,"別れを経験したカップルの方が長続きすると思う。一緒にいることが当たり前じゃなくなった瞬間があるから、また一緒にいられることへの感謝が全然違う。だから復縁って失敗じゃなくて、むしろ関係が深くなるきっかけになりえる。ただそのためには別れた本当の原因を知っておく必要があって、回避型は
─────────────────────────
冷めたからじゃなくて好きになりすぎたせいで、男としての自信を失ったからだったりする。好きな子を幸せにしてあげられない自分が嫌になって、俺といない方がこの子のためって気持ちで別れを選んでしまうんだよね。私も最初それが全然わからなくて、冷めたなら仕方ないって諦めかけてた。でも
─────────────────────────
その原因に気付いたとき、アプローチの方向が全然違ったって思えた。自信をなくして逃げた彼に必要なのは気持ちをぶつけることじゃなくて、彼の中の男としての自信を取り戻させる関わり方。それができると別れたことを後悔して自分から戻ってくるんだよね。その方法は👇","R
@ddk1_01",既読無視からのLINEブロック状態の回避型彼と復縁成功した20代OL
https://x.com/ddk1_01/status/2039306139322769763?s=46,"回避型って返信しなくても、送られてきた内容は全部把握してる。これって元カノの気持ちをちゃんと受け取った上で止まってるんだよね。無視してるんじゃなくて、受け取りすぎて動けなくなってる状態なんだよね。ただそれを知らないと、既読無視が続くほど不安になって同じような内容を
─────────────────────────
何度も送ってしまいがちになる。私も気持ちが伝わってないんだと思って、言葉を変えながら同じ温度のLINEを毎日送り続けてた。後から彼に聞いたら全部読んでたって言ってて、むしろ重なるほど返し方がわからなくなってたって知った時はかなり反省した。彼はちゃんと受け取ってる、だからこそ
─────────────────────────
次に送る言葉次第で流れって変えられるんだよね。何を送るかより、どんな空気感や距離感で送るかを意識できるようになると、止まってた彼が動き始める。既読無視状態からでも回避型の元彼と復縁したい人は👇","R
@ddk1_01",既読無視からのLINEブロック状態の回避型彼と復縁成功した20代OL
https://x.com/ddk1_01/status/2038227329428918325?s=46,"元彼が連絡しようか迷うときって、結局『忘れようとすればするほど思い出すと気づいたとき』なんだよね。回避型って距離を取れば気持ちも落ち着くと思ってるのに、実際は離れたあとに元カノとの時間や安心感をじわじわ思い出してくることが多い。私も元彼に連絡来なくなったとき
─────────────────────────
「もう完全に終わったんだ」って思ってたのに、しばらくして急に向こうから普通に連絡来て「なんで今？」ってなったことある。でもここでやりがちなのが、「来ないなら終わりだ」って不安をぶつけてしまうこと。私も一回それやって、いい感じだった流れ一瞬で止めたことあるんだよね。だからまず
─────────────────────────
必要なのは、彼が構えずに見られる軽さに変えること。近況をさらっと送るくらいで十分。ただ、それができても進展しない人がいる。私もそこで止まってた。なんでかというと、今度は軽ければいいと思って距離まで適当になってたから。回避型って、内容だけじゃなくて
─────────────────────────
送る間隔や距離感まで合ってないと「やっぱ無理かも」って戻りやすいんだよね。軽いのに近すぎる、優しいのに頻度が多い、待ってるつもりが消えすぎる。ここズレると本当に動かない。回避型の彼との適切な距離とLINEの送り方をまとめた『元彼攻略術』は👇","R
@ddk1_01",既読無視からのLINEブロック状態の回避型彼と復縁成功した20代OL
https://x.com/haru_motokare/status/2041334018063597623?s=46,"男の本音を言うと、追われてる間は復縁を考えない。自分から「失ったら後悔する」って思わないと決意できないんです。実際、周りにいる復縁カップル見てると、女性側が元彼にそう思わせるように仕向けるのが本当にうまい。僕も彼女にうまく誘導されて最後は僕が必死に追いかけて復縁した。「男は、
─────────────────────────
追いかけたい生き物」ってことを理解しているかどうかが復縁の勝敗を決める。元彼が振り向いてくれないのは追ってるから。つまりそれをやめるだけで進展します。立場を逆転させて「失いたくない」と思わせるには、追いかけたくなる隙を見せるのが鉄則。その具体的なやり方は↓","はる@元カレの本音
@haru_motokare",振った彼女の策略にまんまと乗せられて復縁した男。
https://x.com/haru_motokare/status/2040764488329420826?s=46,"意外かもですが、男にとって元カノはタイプど真ん中だから別れても普通に可愛いと思ってます。男で飲むと「元カノやっぱ可愛いわ」って盛り上がる。ただ復縁の基準って「好きか嫌いか」じゃないんですよね。復縁を前向きに考えられないのは、別れる前のしんどさが頭にこびりついてるから。逆に言えば、
─────────────────────────
そこを上書きすれば復縁は簡単に叶います。だから冷却期間が大事なんですよね。男は嫌な記憶をすぐ忘れる性質がある。冷却期間さえ置けば割とあっさり忘れて「元カノ可愛い」ってなるんですよ。ただ冷却期間あけに「ご飯行こ！」「誕生日おめでとう」みたいなLINEを送ると復縁は失敗します。なぜなら、
─────────────────────────
「未練ダダ漏れのLINE」すぎて冷めるから。ここを「男にぶっ刺さるLINE」に変えるだけで元彼は確実に食いつきます。自分磨きしても元彼の反応が悪かった人ほど、男心をくすぐるLINEに変えるだけでうまくいき始める。LINEさえ刺されば元彼の方から誘ってきますよ。その方法は↓","はる@元カレの本音
@haru_motokare",振った彼女の策略にまんまと乗せられて復縁した男。